institute_name,nirf_year,nirf_rank,tlr_score,ss_score,fsr_score,fqe_score,fru_score,oe_score,mir_score,faculty_count,phd_faculty_count,student_count,budget_per_student,library_expense,lab_expense,online_courses,iks_courses,phd_per_faculty_ratio,students_per_faculty,total_expense_per_student
VJTI,2020,58,27.52811934621027,0.3761976520091048,0.9528090612715006,0.7320795527505715,0.5978864276319303,0.1541303094671535,0.1455571687171846,252,191,3685,619276.3545078752,1005451.3608871005,14898750.270785827,37,11,0.7176906136548523,0.05103404135403422,0.4406002822273206
IIT Bombay,2020,51,23.132869250154016,0.5292636026826725,0.432222222583285,0.28595713622985053,0.6111275495529335,0.1374672003530441,0.2835720748651648,674,300,11167,459193.0046665436,3677233.938870139,14782001.515488246,7,4,0.08991862380171511,0.22800822499537587,0.13836033192162492
IIT Delhi,2020,4,26.544371051242678,0.6877655497952571,0.45084146219511867,0.004614227710838303,0.942645925161074,0.564809150166125,0.3781214252549763,192,164,2775,279389.99080000847,5637655.990477874,6052243.989162342,10,9,0.9107989677812988,0.03557764481585335,0.4288697085505121
IIT Madras,2020,41,26.98790922682601,0.18291360817104874,0.9717454963509822,0.7757427990273,0.9399335424265233,0.899123604693624,0.5935151778976127,596,251,9629,312665.16538163216,3720741.0278263735,5527537.413060647,57,12,0.04183141590129502,0.19050611856455868,0.059755460908755484
NIT Trichy,2020,247,21.01532340731521,0.29644630327287946,0.16460981439139077,0.007014498852083495,0.4220089720781296,0.3949927140173735,0.2849340026318298,326,236,7892,607479.8377718903,6950270.044528595,7842858.763796644,37,15,0.649441326268945,0.9231139594952624,0.16349253256762666
NIT Surathkal,2020,15,25.855619628368675,0.3114341488960064,0.3250864775719846,0.7296627653689394,0.6369231265868135,0.8914452547793035,0.4661086810176871,462,360,10110,430638.59878474806,6396770.259681927,8419342.75273708,13,14,0.7604024895441134,0.7115462756332913,0.11707622494582501
BITS Pilani,2020,170,22.183464022047996,0.10754686635161947,0.4396396024771032,0.19535918095816007,0.8960433628627377,0.47615519188330896,0.5584165384550139,452,351,8374,264399.0827458112,1538859.368801551,5766768.887878984,90,1,0.7550402816366121,0.40617113482232337,0.04976260932010289
COEP,2020,205,26.93569574951984,0.8180030296646756,0.6343867877298686,0.8732414558107542,0.8036258179000341,0.18493747455944826,0.8922099899009714,424,195,7450,328148.9190384875,7347799.090820278,5537719.242000259,31,19,0.11962190826654673,0.31921454837320007,0.14705251112969003
VIT,2020,113,20.669835198265737,0.8716112609808526,0.005740336890642128,0.5081436010121421,0.41599728678512304,0.22077271350587474,0.1089331733761002,160,93,3495,635891.0413604804,7737131.064594779,5273169.845729734,6,2,0.3631277490165009,0.7079647403505225,0.37325145663579395
Manipal Institute,2020,183,25.915511195695697,0.14544859421033474,0.9999999999999998,0.2612118367500824,0.9771809563376231,0.4112834471932015,0.020929483757489376,327,169,7855,222447.43604561157,4426169.321942941,14813455.90343781,36,3,0.23383300299394094,0.9060844233673582,0.228743692829416
MIT-WPU,2020,90,20.877705181865263,0.7706201352717212,0.23723397569488758,0.7282560418879873,0.36619372172437803,0.6344045109880838,0.6296329118739086,689,450,10800,497906.4033954409,7008511.633696039,6237465.767624501,40,18,0.5073526706178978,0.1467319505379998,0.08994848265619151
KJ Somaiya,2020,7,20.90009505203639,0.5163600022546733,0.22605317079592813,0.6442030668633705,0.17209227622819678,0.693527227585907,0.3794583325370606,188,138,4385,517608.0596203861,2463501.345163996,9038823.659758355,46,2,0.6697417966179721,0.8426780741416884,0.24846536139947048
SPIT,2020,200,20.93596570011808,0.6670565159290143,0.8188492544756052,0.5531374544121477,0.5286342171599935,0.24068247544975757,0.08180402035243273,238,195,5170,578162.1459390462,3831556.889855331,13541011.283892477,79,16,0.8408864829944652,0.6969508134742817,0.332132533752028
PCCOE,2020,33,28.124417304594573,0.7947911645435362,0.6700959591535187,0.5789330511336848,0.3707092853559507,0.9448089550951313,0.9744256792242731,314,211,4961,495947.5988463466,5563728.816518203,4915501.022987277,37,3,0.54518775400969,0.1580562034307047,0.19049138956828754
PICT,2020,21,24.659475369446124,0.4978154134279531,0.17821307830678634,0.3621113387620183,0.7439136142055159,0.7237805627477014,0.2997062133725207,325,225,5446,639446.4291375045,4407195.070716186,13779284.2403412,31,1,0.5859910224187351,0.24517346352410385,0.32976663118703764
IIIT Hyderabad,2020,124,28.26130293982355,0.5067246552331939,0.5776889638918861,0.48969240644785095,0.19304274307465885,0.7253054123438973,0.2720440284449136,295,124,6642,647275.2553986706,4289611.5979366,5634284.443357862,10,2,0.0402221022431557,0.7690571085534004,0.12032478263727575
IIT Kanpur,2020,174,26.91143496919534,0.010302253336340605,0.930334852116536,0.4245768693690233,0.9671855582620911,0.968492096065279,0.8521187572252056,477,306,8102,336343.4335470247,3762840.267666306,12974770.829442048,71,7,0.4840524182324645,0.2659530958869707,0.18521814338269832
IIT Roorkee,2020,50,18.95659239795198,0.09357237538275442,0.6159258041614641,0.9932762487510698,0.13768849444630793,0.5194742354659267,0.8768160695503127,119,55,2784,504455.4984550593,4869739.838355354,5854631.86742138,30,2,0.1241956841746642,0.8490911309317679,0.3879608235455183
NIT Warangal,2020,180,28.762513880579508,0.8780733004774661,0.915204015035461,0.5087459308511599,0.5004003313412045,0.8017833601349988,0.6462922229097983,469,194,11163,439432.44775377936,4069318.8611266087,10736339.758837592,55,16,0.02679117525692476,0.8860963847767118,0.10127984108652019
IIT Guwahati,2020,144,22.52114923016383,0.03412385949260366,0.3030918793754629,0.5347988361657618,0.32491621398657,0.8316047481450959,0.26268817086284135,105,86,2004,247190.0169974365,3879477.33539675,11093658.73997352,44,19,0.8403243725640183,0.45704311690061683,0.7987708038334553
IIT Indore,2020,189,23.091434843313987,0.9889166383602015,0.516873098086498,0.31807012325001494,0.7951098937001454,0.2699050277471849,0.43240985745975813,128,79,3081,269893.6795787016,1657113.0305690423,4377257.962394996,5,15,0.4352447606477433,0.9105337913308402,0.17304118960902024
NIT Calicut,2020,144,25.82146627198478,0.7464474116075805,0.5550601265831314,0.6103444040792143,0.418194095861968,0.24661038477593605,0.3482743245259172,653,299,9253,173001.3210108764,1285101.616232791,13120987.592143092,73,11,0.11557034495096141,0.009817997517284294,0.12745228002991743
IIIT Delhi,2020,24,22.95736485735768,0.09424251835446684,0.49210214081756387,0.47041497508397656,0.17092359431314075,0.4342890649715581,0.391388919860707,287,116,4849,616718.1540397415,4507279.187406815,9011906.829200812,8,15,0.007797695040659192,0.25777827311900237,0.2671847247128475
SRM IST,2020,43,31.3490365018064,0.9563498659230081,0.9463237093525678,0.8689279975935633,0.6357651676856665,0.8044596935162542,0.6738692392826122,287,231,4427,560319.7378719777,5381577.69071101,12665548.969026484,44,9,0.8118898107897045,0.12400518359332424,0.4134368778280184
College_25,2020,217,15.143607038186907,0.19405775874754516,0.06836816290232073,0.09319101250859507,0.015394883317885744,0.09203917830496183,0.679787636288782,665,352,11817,398018.7271467031,5850232.510843576,6528375.857891567,79,3,0.25892467892493765,0.33733472112277463,0.06963725997608675
College_26,2020,183,24.06405938066354,0.8132755690706361,0.2817865529195216,0.1707843966117082,0.7503806569133039,0.8103944052973844,0.9914976511246569,394,206,6079,440272.0061719549,7069816.250468054,9304266.997869058,16,16,0.24591969921458745,0.1243551685209332,0.25646046750692997
College_27,2020,111,27.994851212367724,0.7596676853237532,0.7559503261783713,0.09556539461804547,0.9028567096672812,0.5062874853295822,0.8252030989883417,97,79,2395,327452.59523136035,7697606.195885194,10798008.757515945,56,18,0.8310640378438724,0.9669776111789645,0.8272558519116545
College_28,2020,215,19.681926858922136,0.0794167568162063,0.09078928928787655,0.600951785029811,0.5527718427090017,0.21131427856461032,0.9465801526274988,139,61,3167,397210.1523512907,1402911.32011651,9143875.47020856,9,2,0.07736662817052653,0.7935228713868134,0.32872176057115554
College_29,2020,240,27.1262770897583,0.5508243387178966,0.7070682716054075,0.9716141966861733,0.6875743503676887,0.8407757519712133,0.8661678300518834,215,174,3191,503121.1135782481,1569441.4644932984,3102890.283107495,87,7,0.8207681585187029,0.070944167988231,0.11693218171072053
College_30,2020,173,29.961201176493105,0.8740648788632603,0.8822082312839292,0.23075019334963542,0.9080157090070143,0.5936490867815725,0.342441077094199,631,497,9419,429202.1248679025,3969554.0647288337,13782607.006231569,43,2,0.7772949567227504,0.0786991084332167,0.16465841461972242
College_31,2020,160,18.591518391587183,0.006121447260024171,0.4690664821452457,0.04817568454051213,0.11634710835827167,0.11531569506112688,0.6455282721857627,138,74,2504,584299.5640947302,2565170.869636168,14521893.012727946,48,12,0.27278835448410643,0.371451861762929,0.725255043486368
College_32,2020,12,28.308834353143,0.5611050029313478,0.3225807956098081,0.03511635888594289,0.9250253386387136,0.923615288023101,0.2438813156326296,391,292,8190,377270.5323838866,5392906.560588444,9596086.055000303,20,10,0.6953487606765824,0.626315424661269,0.15846582298905293
College_33,2020,161,16.116649708730353,0.9714416330952933,0.05683047768622784,0.39050534473035614,0.10424255616667322,0.3352755164473667,0.15942999390309764,464,203,9483,637197.4038330832,7903475.21135722,11076102.282256689,21,8,0.07465970249153087,0.5800263923629532,0.17790536945209687
College_34,2020,118,22.767426184645995,0.4135598278796879,0.6036576269837626,0.26543923303138284,0.13076518069892384,0.07364388806848526,0.9408398775898814,410,289,9026,359121.5181453094,7529099.383478094,13258830.563505309,9,0,0.61121638712016,0.7235115032875485,0.21214651010510724
College_35,2020,102,26.28677858981732,0.8204821345244084,0.9894989815339474,0.14343327631222724,0.5933426293932514,0.3808849363130746,0.9706248861559488,252,117,3633,156835.98241349866,1527513.4224672362,10992287.163195856,73,4,0.12841151240301596,0.03226072468284236,0.34187855097179654
College_36,2020,92,26.151132641881585,0.9250411371581964,0.5859635008967432,0.7261350659257548,0.7568700001089862,0.3778191784728305,0.23181291874269527,557,488,8600,453087.31722544006,2600499.638524239,10732108.897276135,36,1,0.9548576525860647,0.12534886744626927,0.12670241141407496
College_37,2020,98,20.15105336530481,0.2683216818477374,0.021026317098547853,0.49540854607164886,0.47500514552292417,0.8351365538157203,0.29941877762485103,156,117,3252,256482.08075445532,1954600.3291073884,2189080.653682465,42,17,0.7017641514588567,0.6172050575901102,0.09536415126672967
College_38,2020,74,29.31074231893178,0.6432740315946921,0.5555232997135195,0.08329627335881717,0.7260772013563005,0.5488346262072783,0.444512406849465,629,447,11550,581181.8543733726,7646644.365603495,3911955.252077493,60,16,0.6228028281548627,0.39124444422485727,0.06432763985220609
College_39,2020,96,17.018017764005755,0.7780567083813701,0.06523189005243824,0.037606749827425734,0.6201120342875334,0.3471272473925328,0.1994212195011399,535,248,8254,225951.3467561472,1971790.208545871,10331371.68244179,8,2,0.12693794253628365,0.12427359485059997,0.11992265616571701
College_40,2020,78,21.17459970401144,0.4775052224769756,0.6686604310290312,0.16560249303416885,0.19007831632258576,0.038016361706614044,0.15867495137984244,424,188,6777,210317.9355503004,4225451.37622908,4682338.339275303,38,16,0.08649186190600877,0.1748078260325141,0.09992913844023046
VJTI,2021,218,20.88839753413988,0.3309139979974185,0.32147330537609586,0.08460043054223987,0.4799573128087442,0.6903478125658669,0.5060909873055082,377,302,6432,524129.8451918292,2291647.135494641,4721541.203377234,60,13,0.8042300242874701,0.2728386135874954,0.07449884193715296
IIT Bombay,2021,28,17.84342077357368,0.7689243585038514,0.5318909362900128,0.7204621556019417,0.059670613979387666,0.1457814526336953,0.12236623441650851,298,195,7122,416056.7426326578,1750204.0793784324,7816360.768704911,19,4,0.5098449375467088,0.8949779765363786,0.10320093304521172
IIT Delhi,2021,236,22.07230405191875,0.015004374249323993,0.32197144546068834,0.20520624186094216,0.3257653198032714,0.11757029675001279,0.8901504447627768,485,310,10258,442099.7423570846,6157757.32776439,9250649.457355686,44,16,0.47936834687662977,0.6448953847492278,0.12122985391418287
IIT Madras,2021,190,23.815310856020417,0.12455295163443325,0.2835339870513005,0.35868368690158103,0.6453124921652366,0.5723619366840158,0.34840007078353574,163,141,2876,153767.18156703736,2577329.583987697,6749638.655762749,8,10,0.9326001449437621,0.3258939138109582,0.3188269849238011
NIT Trichy,2021,203,20.210958385189667,0.2850559106470696,0.1727448729608354,0.8988538773292849,0.07762634048165995,0.5257077201412768,0.40344389229987065,725,643,10195,395374.3896293922,6060272.676352429,12671199.150993584,70,14,0.9764791486892331,0.0,0.15927866548365
NIT Surathkal,2021,77,20.010332115318057,0.5770087344727108,0.27972387246886554,0.7700343544737074,0.18481447654962646,0.32319439625589846,0.4186894937152037,100,66,2224,503615.0478222222,6374456.510099871,3134772.334665781,15,3,0.5211580701562671,0.7440149237390197,0.4360378776809457
BITS Pilani,2021,69,19.5034436230603,0.5372451974250754,0.050768953848986165,0.33188382125230764,0.13199908532377969,0.06071111713797994,0.9909452781685788,677,271,10512,208348.03207084068,4312163.407363245,9879324.4537259,39,16,0.0,0.13330675248671242,0.10397114682504838
COEP,2021,213,26.531176831144148,0.8409288696109978,0.9671718109157545,0.11699611709760727,0.7305634703545955,0.9430009603330827,0.17114139386659044,486,369,11762,174047.32198204385,6470601.372259904,12763231.533307394,18,2,0.7203450240208519,0.9224823087412017,0.13634405314134018
VIT,2021,53,22.38272802250233,0.184493553367157,0.23528136050421233,0.6326500971736531,0.9081887435439348,0.3156491046730699,0.5837904803676113,468,257,8943,523804.6900881256,4519042.730647353,5018765.036908625,70,13,0.29870214665250716,0.45915928070290213,0.07179211223961886
Manipal Institute,2021,185,30.407235069402088,0.9182205159553387,0.6251889141363858,0.10950699526040131,0.9402679040206249,0.6297682453611912,0.3269187158428355,477,400,7567,397711.8132019828,6190226.377973318,9450961.040346052,33,5,0.8795094795519017,0.16391235432875084,0.18535032181440395
MIT-WPU,2021,68,19.016505704986542,0.3121879281286053,0.24812359097654624,0.7441771875553562,0.030759695651086494,0.5714658782290103,0.7603277603986303,527,433,8028,213744.33116599123,3781011.0339225703,12364839.755134195,9,14,0.8455102945997545,0.10656549014557837,0.1790131726828858
KJ Somaiya,2021,107,27.515087557720047,0.7305062864313099,0.7213230928445957,0.6401289824651191,0.6935137373446291,0.5440732358239357,0.2426738925447589,178,156,4116,321262.1285892717,2591456.881209909,7506759.211466277,94,13,0.9554243780074382,0.8244030121144899,0.22920423981344865
SPIT,2021,40,22.292326571317027,0.15081293563572395,0.5870475855069999,0.5032259194391207,0.6107274789151697,0.015067417882976053,0.8714950114936786,269,128,5876,438144.1800834066,5247005.324679991,7513698.726931018,33,13,0.1515907315470021,0.7079753094003356,0.197226804876988
PCCOE,2021,202,23.23856875300112,0.850935385707787,0.9126407113440587,0.11549160735921138,0.2338497468650026,0.1637117197706019,0.17629889234503116,208,173,5030,409419.02856303606,5138928.050214505,7187035.150311694,77,8,0.865776084265696,0.9207579242683084,0.22887332358107684
PICT,2021,180,18.411394371216797,0.8126361838104612,0.0034121006762737327,0.32874097134346236,0.39668685481034094,0.5386997875647539,0.9198804754936347,440,305,10609,166423.33512171917,7389246.240153902,5226943.755842974,29,6,0.5877451607375249,0.9142685572468412,0.08571693108998663
IIIT Hyderabad,2021,49,22.397527828237696,0.4214249825636247,0.9168149880178011,0.35798692196515947,0.5797523210804728,0.6343626205593247,0.0006998766412370516,385,341,7588,379494.4940085065,4901137.582230335,13188216.232579544,67,7,0.9741066550103811,0.5137569127184833,0.22132020603647565
IIT Kanpur,2021,114,26.57593106193682,0.2998317361398968,0.30978666481076744,0.39333565156446815,0.42540838900872424,0.8032826496414249,0.3415984442736988,609,415,11692,182854.31971417615,6428693.3168650735,7892754.851724359,70,16,0.56419246938655,0.46732113430362476,0.0897684202868253
IIT Roorkee,2021,93,20.04528004427224,0.500992800672692,0.7668016188217752,0.0954212743306393,0.3326550843170696,0.07294103753745079,0.7509891170330141,404,291,6873,354367.0855490482,1177704.489622414,4029983.765760475,54,6,0.6421581840322595,0.2684141784526364,0.03674241501856544
NIT Warangal,2021,144,22.51311924697167,0.4102764760158182,0.552419449803887,0.24816267531225633,0.1939159353760418,0.5065451308400568,0.5906251301254122,435,225,9218,199720.6963796726,2702205.3369961786,11389470.114123568,50,10,0.23467945843491755,0.6485608249043402,0.12425190401941855
IIT Guwahati,2021,129,18.957098703637097,0.3992706134732362,0.6691896768611485,0.19866396212460624,0.291294091939893,0.9006447002092974,0.0006060761858930341,496,408,10966,211388.44483135425,7135108.531127057,10358032.326985292,86,1,0.8474142170254616,0.7320850167094692,0.13180001150649648
IIT Indore,2021,215,19.31649739253336,0.8275030747417609,0.34177878593588074,0.25376482252877075,0.3781451588799125,0.5920419487683979,0.259161242034295,553,490,9083,539879.3873940153,1799665.481442778,9355096.059565287,63,13,0.9748324178446292,0.21497152649173246,0.09013153737387888
NIT Calicut,2021,75,24.745612568081388,0.809581114757884,0.42546712399615694,0.0139304561905087,0.2667370900488405,0.5429738808070017,0.6295807156944364,603,492,9368,642201.090351776,4679831.276118801,4231830.716027946,91,4,0.8340488710420141,0.13406447665437704,0.058714285739736874
IIIT Delhi,2021,138,26.469036395235957,0.832740901853211,0.5302812409615856,0.8161496619329549,0.49696266292303026,0.06454336006596323,0.3982246337209996,646,343,10041,283249.1966854411,6125292.049213436,5259498.587300771,57,6,0.26220858722912743,0.1347639725969283,0.07943284271767351
SRM IST,2021,113,21.46541293632316,0.9263109714050561,0.4190015709094679,0.3789837076538174,0.5178633471274509,0.04416475328097147,0.15598693817700038,211,93,3386,535492.9627677393,1477747.937478641,12882026.87913938,15,3,0.08119823229119016,0.1806215992036564,0.43208734054632947
College_25,2021,245,22.019628302624813,0.7297729261482317,0.6113071190233526,0.9520339042973778,0.39516215551029477,0.9588792542070246,0.12427639220245623,648,452,10942,175712.90674212517,4474563.730408655,9758957.035919558,77,1,0.5964725402742194,0.25689870194496667,0.09838558598257222
College_26,2021,44,23.18576519648212,0.3454691916353554,0.35153566003575865,0.40899919479700286,0.7045297041665696,0.600099958341324,0.45340360494398446,433,346,9970,497348.2354272134,2905015.9606097387,9672998.669298133,23,4,0.8002470672320164,0.8154697222135179,0.09393309870819211
College_27,2021,109,29.73934664632085,0.8172998100354438,0.9642334270866328,0.7908044138061301,0.6901135302354006,0.5224701209532359,0.07531884039095893,351,289,7604,274834.004429593,4425974.745501983,4875722.743654829,30,8,0.8489818340654315,0.6915947877526827,0.0895835075114983
College_28,2021,223,26.06051245786367,0.6771783736712293,0.04308402395577371,0.5866022887908802,0.9999999999999999,0.5572648848018715,0.4671175045802116,166,124,2390,298674.5036862754,7470773.367635712,14623757.18714978,91,17,0.6957197712278463,0.03052519332236847,1.0
College_29,2021,210,24.53342854405046,0.8729482189394915,0.8462721958992205,0.3141672528368742,0.8289585828664002,0.03412305978745361,0.5918627509267447,98,55,2130,512383.3857643808,1457494.3855925966,6098774.391797935,8,12,0.3229418720826761,0.6980429909147519,0.3533886940721891
College_30,2021,221,22.70914314668148,0.5245882394136885,0.427076294358923,0.8785095090818622,0.41609270427348133,0.4626154184220997,0.9913315785892802,268,178,6346,619533.8492564481,6591482.650415658,14973143.436933387,33,16,0.5295444221902182,0.8749423189014627,0.33643190749378127
College_31,2021,193,20.67632892055835,0.032862413861250994,0.4802261292428298,0.5790044949138617,0.26975735648415755,0.39842709040086405,0.08038136556558584,378,218,5760,293619.49582704087,3074156.8431919306,5036900.763648829,29,15,0.35403639351295346,0.1069929660470097,0.11057028668697688
College_32,2021,226,15.318217583418496,0.9221608647558184,0.044022540154638135,0.10198623420649722,0.39012515370490086,0.12228486032522617,0.9569413011789678,169,75,3828,358790.3878924642,7153828.152935154,14281516.289788334,15,12,0.08727600501513388,0.7813968099055175,0.5862987372576977
College_33,2021,9,24.194866468927763,0.1647550395885211,0.9934051160391433,0.2256757607014559,0.9431778200044979,0.6518904897891409,0.6034867237517907,171,84,2824,539792.2367833767,3450876.8141671107,2751954.795324153,51,16,0.1824776603841588,0.22312911128418023,0.2000421690582253
College_34,2021,98,26.08601152951418,0.9399043779314271,0.997157413131496,0.16719702019624627,0.39475335922895927,0.7613913412588638,0.6929797248311786,443,226,10194,261908.8074113115,4758820.960253895,9708219.152942142,18,4,0.22046502584059302,0.8141853371672896,0.1118190504143863
College_35,2021,90,20.465355334990143,0.46066211077760544,0.3913041105663517,0.26746529696844945,0.47547292728236257,0.04155377492027862,0.851291659841207,585,259,11752,354226.60653534933,3608819.619086198,5376799.188884241,9,15,0.08516504197850483,0.5483103179482571,0.03752567890307126
College_36,2021,237,27.73094288946553,0.5372585325347803,0.9642566951515259,0.10198751091419278,0.8947551536746173,0.9965806319842929,0.04978566520578653,597,415,11516,562340.4829625746,3434664.455315351,10814209.983267829,95,12,0.5916794843704553,0.47560888936740375,0.0911778770738697
College_37,2021,31,18.97878591662684,0.7423847796043785,0.5218504396076222,0.8699015598851234,0.2432624502092432,0.15546339538183712,0.15002309473208397,554,392,11908,526358.3197788206,2110235.737051516,13451319.86958607,62,18,0.6166409482777323,0.6761982592416955,0.09906657752582132
College_38,2021,223,20.77663640719031,0.8360351048795638,0.12808522266421596,0.33038034158942264,0.7432490028564794,0.15891125423619928,0.8165963678032666,550,221,10780,293519.0665874564,5318488.428630196,14755420.314356504,21,7,0.0030557763185343756,0.5038319984503568,0.16209620717761547
College_39,2021,12,20.1833277846942,0.378393780604958,0.007868039567166196,0.8198187167858704,0.1260120055447348,0.2825204520921543,0.006106185726769797,163,141,3435,201254.86399533963,7560599.410655158,10942514.389910571,72,16,0.9326001449437621,0.6378995264628518,0.5621257702498357
College_40,2021,33,21.243502070273763,0.0631806790665852,0.5829739913229428,0.34127538606689867,0.6202222564694527,0.04293057474655915,0.8708998674583559,317,197,6799,473786.8217009538,5160771.014599817,6986959.385273083,33,10,0.44380068096882763,0.6719554541836741,0.15353265499650467
VJTI,2022,81,21.433886605865183,0.3243016004389896,0.48911904105970705,0.7709599548964352,0.6828229550543615,0.4464410017955818,0.2648004613780429,479,263,11078,569973.5823362359,6409759.460117632,4990697.879408642,79,2,0.29853206318759107,0.824744466476963,0.06754687203832001
IIT Bombay,2022,64,26.100369022770494,0.9760618948142292,0.030175832979107087,0.7313468790191848,0.909852995096145,0.8613427070499515,0.965157082800739,216,192,3682,354667.0031575215,7258694.425753942,4989409.876584121,65,2,0.9804772398887794,0.2715001704670048,0.3282981388899765
IIT Delhi,2022,46,24.23542413417204,0.8791437235171564,0.7161926844488133,0.5607786950554379,0.4703103467501941,0.544585853780365,0.14885291691231228,251,178,5633,215622.4388411938,1227683.256438763,13971022.021603929,7,19,0.6198158409961944,0.7624135795516065,0.2569832312146947
IIT Madras,2022,209,18.365909274807716,0.46541580355005174,0.0,0.5967881215961177,0.6065650075761865,0.24641775172886254,0.553487034441793,710,515,11208,312962.73197603744,5131847.572199357,7632207.736631523,68,12,0.6523023921036876,0.15683276579900163,0.08000079345788347
NIT Trichy,2022,80,21.54804075256543,0.006393405462706614,0.07146456042958449,0.3884524486985361,0.4787464819585001,0.601848967648172,0.2830834023779588,258,196,6197,524580.8195506415,2021454.518246018,3336301.2584046545,50,14,0.7212092506516422,0.9059000208460193,0.04887214809638299
NIT Surathkal,2022,103,25.068568456100497,0.4860592139323283,0.20985040599205695,0.3414105196172097,0.7756598196849497,0.9459222589970513,0.06083419245178534,559,321,8368,166601.55439568328,1550049.4800851452,7160002.59062075,70,5,0.3490599676389511,0.08256466242202154,0.0688825710752782
BITS Pilani,2022,84,25.617209839349176,0.19922185409004123,0.6943864518765936,0.8226135887325865,0.038437842794285526,0.6728029042164314,0.9520089346785556,672,583,11631,623675.2313155193,5377132.621497635,12184495.43724099,11,10,0.9376748727370415,0.2953127989049027,0.12211646182700014
COEP,2022,100,24.904261288517983,0.5580444381648075,0.5983330175165049,0.7845482766476402,0.47971489501154285,0.03790089296522431,0.15367176917990188,410,176,6109,273551.61700507323,2116812.7607923183,13333186.365698624,23,13,0.058140853591903796,0.07623360873190332,0.23779050336215593
VIT,2022,97,18.103273160251863,0.7529506313344112,0.8736511659074258,0.43011455874349935,0.040924778515086246,0.15983154213358103,0.008572935583914143,424,307,10503,249771.22546457255,5761597.69701904,2938579.316729286,67,14,0.6497026500351545,0.9743018044001162,0.04476108752431979
Manipal Institute,2022,162,26.406416891127,0.8509484023356306,0.17356748627542684,0.9636471253027499,0.41448832654563184,0.8501348647213625,0.6248027570479409,515,335,11579,421650.2616816442,4597971.074661075,9644758.91517103,70,14,0.5020648706226599,0.766167717819042,0.09035356019052107
MIT-WPU,2022,119,25.9159928303967,0.8025510747440041,0.6560680669884402,0.9953809914597986,0.2819679901122195,0.358963124740934,0.3765305799976786,641,485,9904,604516.2603328205,2257781.762091694,5088063.224010409,82,1,0.7150693316553555,0.12634978074026315,0.03492670475139538
KJ Somaiya,2022,229,17.89342738091383,0.41541889196155246,0.068138847593745,0.43366727926638804,0.09484673666235544,0.40521687108315735,0.5884653688053116,238,165,4278,231761.93629251132,3737570.756562324,14602360.190358736,70,2,0.587936789293359,0.35597301655951274,0.43732059349250796
SPIT,2022,28,20.58326870194432,0.003754134214681626,0.5892380344549999,0.5971795371985347,0.3951725956319634,0.23581765620789735,0.22531431934110735,436,355,7724,365443.76183090295,2740999.9081134093,10022884.82585239,5,19,0.8306369923475548,0.3323920038218764,0.13830133601971642
PCCOE,2022,20,26.833343111176752,0.03191951355761624,0.7377459091658543,0.6630612778610043,0.4734197315362034,0.8480426531111096,0.8041310727443898,178,120,4203,419952.9197511063,1239314.3615741073,14827008.7446431,77,4,0.5495680155297081,0.8688699735124168,0.3846057259297282
PICT,2022,223,21.94730662623632,0.04722995934352525,0.6410091189331835,0.2186205076885932,0.1777562658472004,0.08610251840362798,0.09214999857148631,421,371,10467,152469.9904672048,7662682.497962673,10308559.191601506,61,6,0.9651182288399097,0.9825814160388042,0.145615962939433
IIIT Hyderabad,2022,86,22.43831374868906,0.2535996997045624,0.522321819816769,0.3380065609556455,0.531237812469105,0.12359973026915966,0.12195844989868732,244,179,3969,634956.0230536353,1657305.0105259288,10743827.536926642,9,14,0.6688668688900791,0.2005458716653985,0.30537308351097703
IIT Kanpur,2022,69,21.93958260241028,0.254702169276966,0.6627142827938111,0.9817148417203905,0.3727304159818098,0.014468250920841252,0.23491732174137714,123,91,2986,488256.6928886233,2509726.0667840205,10565511.113024542,57,15,0.6813705108420333,0.9292853694347094,0.44774135910755786
IIT Roorkee,2022,19,22.49797488027256,0.582686994213172,0.34855877278786784,0.15241165442682858,0.6042041534961179,0.3175801062650652,0.8657319022633974,305,241,7208,433508.13049333385,6169144.464759286,13420702.296917522,8,5,0.7823624937523622,0.8707284193458553,0.25921209433708603
NIT Warangal,2022,224,25.47956643485054,0.8177233858968944,0.7637197125182154,0.7986993160690443,0.4342339328156043,0.8214859590873254,0.10928156873046335,273,192,5726,431719.4636742294,3662937.929629584,9130496.381469198,37,16,0.6080430469978061,0.6288689525633357,0.2043325306946355
IIT Guwahati,2022,133,22.063744515282163,0.37488488492842387,0.22682973411557916,0.06527366731555628,0.6026934949581256,0.6706120570303031,0.6154012571986158,255,171,4989,625739.2798329956,6930171.529608021,13885074.707369108,97,11,0.5424058444271599,0.5006209967753745,0.42429017375462585
IIT Indore,2022,117,24.626464077771228,0.40094096172421123,0.5809688998978191,0.5312766568113811,0.6071657714529876,0.7680917507568139,0.8115468563082635,599,298,10906,389591.6147218,2361908.262297107,4162310.900660848,72,15,0.19505538134168532,0.37710017719469024,0.01864154256637776
NIT Calicut,2022,141,22.816616513236564,0.28482942746428885,0.3071304296214019,0.8039749213335534,0.5381785856452063,0.3107192965758096,0.6061192817923837,645,572,11873,561587.0077978302,4657367.283612828,3601894.504238159,78,6,0.9763289520609854,0.3953632002667873,0.029697667307610143
IIIT Delhi,2022,72,22.544323589712285,0.18263917300681354,0.2950766700204268,0.7942393644920591,0.1829927479325586,0.9222406503177287,0.41776803000807616,401,324,8284,592103.2316742039,2596558.4036425278,4756582.918806947,14,9,0.8181147025889542,0.6001193421106268,0.05148936557394343
SRM IST,2022,108,18.7424938429639,0.7791031489640903,0.5573511307059615,0.24994045900383943,0.30023841687474495,0.734890939220483,0.850258426898336,230,180,5273,224851.98397847888,3967613.6903931135,3988789.410771315,53,2,0.7672011374380562,0.8064340041253029,0.12200257342458407
College_25,2022,118,16.353572846791977,0.8737169571380767,0.21626301482657206,0.0880660191028233,0.02083082035095507,0.6441510923894229,0.6028351614267171,150,97,3100,643892.7601074436,1955078.267897132,11036879.20261872,71,9,0.4944016136669943,0.6008756046275943,0.42641555534586273
College_26,2022,136,23.773964608663,0.44880009166729784,0.7258191048491798,0.007201428772698026,0.3394061134379648,0.8223661066037904,0.5989074668029459,153,82,3125,189709.6844944933,1599607.7471750136,13624481.370633535,7,8,0.27221809752568193,0.5788742968545684,0.5036810072172032
College_27,2022,2,23.67520382263358,0.3684697413959799,0.34352801618895845,0.6158455055814247,0.4410847223705785,0.8356322923940207,0.6661998891908261,457,338,9397,265414.594577006,4198010.5141625805,4474223.216647881,6,11,0.6809064104866395,0.5913862476231186,0.05548919275131041
College_28,2022,140,22.607451506892517,0.3643818291319192,0.9977320875790177,0.44296591164994603,0.33185901414055097,0.5821398100546975,0.07740926728110775,331,221,5374,198338.2248233598,4152596.553807296,11830123.275638198,21,15,0.5365571788003952,0.19774884180674301,0.28830097519948894
College_29,2022,204,24.341722491632545,0.9944030745501584,0.4753141966159897,0.3783640176088796,0.11736177359526634,0.9791250171322694,0.007726718621823281,187,123,4368,461792.8440013799,1623871.0248121163,11818515.466458503,37,15,0.5166509665230471,0.8457550252954233,0.3000353544417588
College_30,2022,210,23.01770713031053,0.7914157610120913,0.7099916921543665,0.027787947066229002,0.3013100514463888,0.26212072476019493,0.35249508178817623,131,68,2340,404862.123375849,6777002.757630278,5636146.00012923,30,3,0.23837704718376396,0.3457657429689207,0.5528327362457236
College_31,2022,163,28.00597019212425,0.5200144059014844,0.9213769877022528,0.4941922352988821,0.9927790415059882,0.8553578895521017,0.1987924471702459,421,334,9629,302339.5695490204,1566434.9813587652,7238742.323947099,70,1,0.7887544123132316,0.8014890571243332,0.054532503221007445
College_32,2022,25,28.471527776557423,0.34721773893782015,0.9777921805378846,0.63995129300027,0.8225008912148001,0.13043967320549416,0.8612471212291799,302,141,6259,599130.8136463531,6805326.835988985,6127908.822397581,45,5,0.13363243875203434,0.6061977394862383,0.18527268244652192
College_33,2022,31,19.53540944474509,0.6734993014503274,0.12095236300563839,0.4752351138107642,0.5050078456691006,0.23130368458774847,0.06848671109061022,548,339,10734,202832.342130872,5485784.202831443,4808496.372624795,6,18,0.4381056386083607,0.5027030696376196,0.059593604732727304
College_34,2022,144,22.642134896983805,0.05706586484926213,0.7822608975786787,0.4565774491666954,0.055478257378821394,1.0,0.04599802352934346,415,255,7175,235332.3792749992,1522408.700359572,12175048.52967394,11,15,0.42976704106339014,0.29359521006789224,0.16742043463415893
College_35,2022,199,26.322148760383552,0.05802590906887528,0.5099707795243695,1.0,0.8139604685926197,0.6171750880296334,0.2978742904185292,241,191,5302,352399.2145425999,5578530.567603987,6605071.12578207,31,13,0.7871128067539949,0.7221801123491411,0.2115573425687253
College_36,2022,237,27.32742901790443,0.7420836347810289,0.7707640656861998,0.0023533797940842316,0.4147358317153347,0.48217912823334813,0.006881215568603771,478,353,9758,244847.42408733864,5332637.351054051,6205505.133849159,94,17,0.6786741131705202,0.5779089561991422,0.0849487788880075
College_37,2022,157,27.275325304270368,0.9889387249959285,0.8031092121587864,0.9624285843208673,0.48668971291743346,0.10746043628404661,0.5428906789781787,646,537,9961,271738.9842024336,5561974.535376778,12538917.06382146,97,19,0.8648501381872017,0.12349730005313142,0.15699240561977382
College_38,2022,247,28.288614392995573,0.46271500017361644,0.786530762942234,0.8941162460398202,0.9558253497228212,0.7902962064564341,0.3071529330570276,361,158,8272,289683.8569673582,7512232.193864766,5289759.626410199,25,10,0.07500712877904736,0.8053459452053267,0.12639894195930837
College_39,2022,152,25.523472198077098,0.6664144385071458,0.8970177084217941,0.6355966010496732,0.6132156057351975,0.0640156196573643,0.5129344607768247,383,161,8230,192396.0080229016,6014263.716438776,2937096.367982754,28,2,0.04027538544632503,0.6756219853646308,0.07419139244553587
College_40,2022,38,22.495424273021825,0.030798075786067303,0.5091249878673576,0.383494583315543,0.4606908882537277,0.9966946522523563,0.9714718902435804,344,169,7330,237054.6676670422,1688769.547993781,10583935.356117396,12,9,0.18258000301148924,0.6592357674994431,0.14077733158230601
VJTI,2023,2,22.526978483221747,0.07873736072282012,0.51522458080782,0.9010152330638419,0.7823636579353964,0.22655532511012438,0.9767845639601576,561,373,11832,170975.61171581814,7779421.443160686,12383284.49150947,16,7,0.5309592320253321,0.6394724934480864,0.14415632436556372
IIT Bombay,2023,158,24.44346759635017,0.6078518426140473,0.583227072950486,0.7483542378337562,0.8117521969417852,0.6587796386136362,0.11727627965709297,540,241,11127,337996.4449706557,4850643.583207092,7052486.38218801,26,19,0.09231153142542603,0.5953158146903565,0.07215996071117899
IIT Delhi,2023,224,25.137078480864016,0.9404803505002917,0.6771144841537295,0.4932654611706937,0.00986845177274176,0.9975285666380187,0.6680775782043678,285,149,6875,527520.9643731392,4223776.48091898,12945981.1875708,11,11,0.2458482152271727,0.9153096575373938,0.2341998200156232
IIT Madras,2023,165,23.580200772233507,0.17534705514850635,0.54570031458796,0.9878266928567174,0.9378151943525869,0.04034077744743131,0.15449827113844217,436,384,6558,394197.0650324698,2054732.7539691413,6450987.268436104,26,10,0.964112434696564,0.08908743500881933,0.09795244955983284
NIT Trichy,2023,98,26.83014139144808,0.5960991427251014,0.508905478953587,0.2923532602797494,0.564130855001684,0.6914576105426384,0.8727104405884729,433,175,8279,273339.4322608115,6085232.005791034,14893529.367541725,68,9,0.007749250892707726,0.4601707801399568,0.23834864044323753
NIT Surathkal,2023,121,23.992304220249547,0.20245865863905066,0.5557935841311132,0.7331700024996077,0.6152747353340807,0.18640432741387486,0.34767815952210923,357,236,7132,574023.8955653859,6879747.861975278,12824846.101511562,82,13,0.5232940897919652,0.5381846195446098,0.26432530200756243
BITS Pilani,2023,4,24.03160001809691,0.9708007749119911,0.36799371102186806,0.3220935855857556,0.14652369794994047,0.3049680689129259,0.8760838663423827,146,86,3013,356310.9204243119,5869327.025477648,2041837.4268556228,42,13,0.37876240788116566,0.5981753330516009,0.24875702160943966
COEP,2023,49,23.394574720830065,0.179311369479501,0.38779569011220105,0.39840554665005046,0.8744661186308093,0.5111854862893686,0.7207389389077417,390,293,6431,176401.98023426405,4406183.635706272,9791796.55361814,23,18,0.7043368876597483,0.22086590639990167,0.20132137277662013
VIT,2023,57,25.198738696209062,0.6431174458555642,0.1482856179926173,0.6950566402555953,0.7456745119734264,0.98699491112256,0.20014216426965903,424,261,7469,194300.2148398086,2544283.6689784788,9776928.822828604,51,10,0.431990916808762,0.32329140977657755,0.1379778781033274
Manipal Institute,2023,50,28.486728514073576,0.9453671263920977,0.6435803286247201,0.41755646424216253,0.6355381340294305,0.7890339597002762,0.10738305262673054,149,115,3733,519993.1933428059,7652189.270514143,4638172.778473728,65,9,0.7455352002458381,0.9999999999999998,0.32442483358532137
MIT-WPU,2023,39,24.22787736610638,0.16298219939552316,0.701469198847904,0.5841188534901576,0.5856639176383064,0.7003164781805846,0.9297754775269258,623,499,9999,379093.4433689463,4380782.104597487,3735239.6414072695,8,6,0.8040335126387611,0.1808368417346451,0.042869243117990175
KJ Somaiya,2023,163,24.7737232307023,0.5004315554715209,0.43714509402413215,0.7295636250784547,0.7653315472985055,0.15704402499504783,0.6060091600576298,341,293,6283,386030.2170984991,1093818.3850251592,5675693.964523906,34,6,0.9209748562005146,0.39695241092854183,0.07303177227913313
SPIT,2023,70,22.695974054534933,0.2753931891729682,0.7886482144714264,0.9778720579843447,0.36962980454350325,0.4292827343839976,0.8437861526889194,511,220,7347,603218.7266722055,1974717.597823166,8921468.869577821,37,6,0.06066950539128135,0.028714763657224696,0.11907254749189647
PCCOE,2023,87,24.440824923898244,0.9114558117789029,0.020663705840878732,0.6630462560130113,0.9639136308832906,0.5616629979005716,0.937079707230636,149,118,3449,462212.723235864,4461367.919065651,14734160.92496284,73,2,0.7859392452799744,0.8265915426530903,0.5824300810169015
PICT,2023,86,24.275296397977293,0.1964080115132234,0.5660747846711502,0.4607597384236859,0.9725550109479454,0.6104269022186122,0.34171945230199174,128,84,2597,207384.43593460877,7020977.853446044,11396585.941710288,45,6,0.5136328167686591,0.5665217889642655,0.7556677501501591
IIIT Hyderabad,2023,188,22.996100214167623,0.5538026731009504,0.6138113560455662,0.22008395730135089,0.8470255726654833,0.4290242567330968,0.13031635074530734,340,282,5137,380081.1322442198,6244985.988870435,5777638.277482616,44,5,0.8611224584905538,0.09523203530888091,0.21637793932355479
IIT Kanpur,2023,191,28.424457731825736,0.35727869154676095,0.980252387093947,0.7948289026488102,0.4961248842512439,0.3394273901220128,0.8715069640683102,478,401,7774,589790.9274757646,7094048.975322047,5104350.747960011,44,16,0.880187174596004,0.20029157651365703,0.12883898804781446
IIT Roorkee,2023,164,20.146043799503616,0.5575473459605027,0.09324562809387227,0.3390285386739056,0.2805393201967922,0.39080479531677764,0.7967047680655843,475,212,8744,370536.07912539184,2369264.911311605,4427402.84504954,12,8,0.09235064905187229,0.3954240752339422,0.03896617904183826
NIT Warangal,2023,247,25.666048541235245,0.27623827407316437,0.3122072916835865,0.641674568649919,0.193642684307477,0.901272019825208,0.5147413760824422,232,134,4822,598593.1704823095,2181979.446743803,8591664.350250734,96,0,0.3557754899596425,0.6115943219047137,0.2043323010438369
IIT Guwahati,2023,162,18.646732100528776,0.18227204791824225,0.8958857255746817,0.6534336819418649,0.14975131707993172,0.44081500943488244,0.6111515162053158,511,234,11973,519865.1660427704,3237667.827083813,14849407.862356994,25,12,0.11564852557471805,0.8523272676492157,0.12220236997239603
IIT Indore,2023,211,23.86271613135002,0.16365551895126673,0.88378151383036,0.4238739676191119,0.15991629917707584,0.009518691108283739,0.5548484400253857,661,506,9833,243705.97204879115,7007239.372100147,12647825.680201529,54,5,0.73288219370716,0.0740451726432807,0.17761664449580897
NIT Calicut,2023,180,27.05407252566912,0.7685442838077212,0.9902911847305003,0.9034395339726975,0.651083528324992,0.31349543864311086,0.24523136997872763,479,317,11346,272169.97039323306,1790602.458878215,3133333.0818138053,37,2,0.5247609750488725,0.8756467755626225,0.0
IIIT Delhi,2023,167,26.439626082034337,0.9170871798837501,0.7410266490385171,0.18477326719507836,0.6130588869257253,0.4359567141739809,0.5725820940789306,592,246,9950,519647.3675823865,1744406.0837904222,6093954.651968579,32,14,0.030592903374907943,0.24976872290315,0.04015564676670397
SRM IST,2023,142,21.11598833074209,0.1648549652903899,0.6563420945742335,0.994985543233263,0.07003669203177831,0.07452886710202783,0.3324681749487288,124,68,2441,256322.1881855481,1232325.4819369835,5951303.216129409,50,19,0.2971806359960659,0.511609182614762,0.2847622154085028
College_25,2023,113,21.39700296355589,0.9153019135432519,0.2323425009528608,0.8083981739787978,0.0564116447107188,0.9031772942776346,0.6471078601110354,456,379,8701,423324.11009389424,3662803.842792867,14698404.27063857,82,19,0.864591271541601,0.456626987715294,0.19025520282806607
College_26,2023,244,21.51985137476604,0.03737431414171399,0.7412602847828675,0.9204240473989573,0.27813727724871595,0.8623325086254439,0.28364666460546983,221,177,4946,159003.27780022725,7739672.499518181,11446722.896914205,23,14,0.8039169123766113,0.7567601303874103,0.39102862490114754
College_27,2023,125,15.739743381373206,0.10926848747435147,0.7049152482290904,0.5384588396692378,0.09398477351193024,0.2407243605183576,0.0,228,174,3762,449404.14819174574,1451438.8987441726,13404112.943108607,6,8,0.7281685493101128,0.22179901799775958,0.3989361544936266
College_28,2023,101,20.6071508725414,0.5990275405294472,0.8941926024207414,0.17877094516399672,0.07635728008035092,0.2383207485084568,0.7928872788247667,634,338,11885,544580.4232943658,5013445.419446526,10564725.911820916,52,19,0.2665497073805866,0.4261416272195455,0.09951229172881795
College_29,2023,93,24.428353262254586,0.6048936890341621,0.11409952327713935,0.08618617278034213,0.9099556657816456,0.6716077875011459,0.8280711841122324,437,192,9468,605338.2897175698,4251032.653578799,3787809.0726212,23,19,0.07839075870964307,0.6917845892472891,0.0471107841015395
College_30,2023,1,28.68045244724813,0.16837031077173292,0.9501939447456367,0.4418462261050813,0.788703362181785,0.6417653477901091,0.6731170967207776,152,97,2771,476112.1297727362,7653717.368103425,9808463.865128629,59,8,0.47732676972318233,0.3792155584456225,0.66599164042164
College_31,2023,141,18.062027707642216,0.26861357993287727,0.40716161823148544,0.8935042227560264,3.992178992562323e-05,0.03690448010869435,0.599771406719527,507,322,9616,461259.8478648726,4288206.340934786,7817085.8371919505,88,16,0.47120740730203325,0.4461944128288169,0.09362478772194927
College_32,2023,49,27.436000122870457,0.5417470647561522,0.8558923824541134,0.0412865284569679,0.8333757629048911,0.8477947588516552,0.27623633152043137,124,63,2340,348398.4235431582,1310714.405195981,5611686.946162548,92,4,0.21626393290350776,0.43750582406712346,0.2865086541338763
College_33,2023,220,21.787070775089266,0.62332483063183,0.11300108466038017,0.3406074504813419,0.5063168473736707,0.8783462954659629,0.48773250485347974,551,470,10210,507016.3222334282,5255336.498634927,6021845.332216167,49,6,0.9084468518807559,0.4064801775529552,0.07610648758494018
College_34,2023,156,16.478458524139395,0.8313290234680673,0.0003344376640244118,0.6353250276614253,0.04842496103445715,0.2565692897711364,0.04776605145614288,330,174,7806,482646.05098902766,6602484.153163846,10614638.66977162,23,14,0.25480970783123535,0.8727079787490613,0.2010814504718156
College_35,2023,84,27.141830703204345,0.5545618059238566,0.9022394667761735,0.4003413998362273,0.31932634962182893,0.7529334162611991,0.4057535988182548,187,75,3842,468048.0232047711,7393008.633033656,9963455.08848265,32,2,0.0015534084407944349,0.5898479221074537,0.46348519268889377
College_36,2023,127,31.105628974577144,0.6445301885852945,0.7423411881024475,0.527621740043803,0.8290612032805958,0.9963667480083334,0.8186699903981618,322,176,6008,393000.24689880153,5040399.207141856,2568607.940016316,89,16,0.29356200082670936,0.4181653988979348,0.09448845257801614
College_37,2023,41,24.36921407492161,0.34422973777774746,0.7304920559082384,0.6514084566849165,0.8457065543973649,0.6950953338359569,0.423245693233568,256,177,6020,263139.5541071159,3689677.340961669,7851603.69536512,48,14,0.5841820672774832,0.8600692207357434,0.16834012815603208
College_38,2023,47,23.86539836468597,0.4337135301929569,0.3187478434754787,0.5804635565800076,0.369595011349369,0.6029114061960787,0.7026759796334223,303,198,6000,232814.1735141327,5520183.570669286,2582119.856560687,69,0,0.5080447573224157,0.5222078298180761,0.10401161180495397
College_39,2023,113,17.02627198987946,0.15194230528475594,0.02430076722583374,0.6448605587532938,0.6362656532835175,0.3402610054250422,0.06012016157904998,164,109,3829,570861.6808723381,5061550.631495206,9275949.782893218,35,3,0.5304575702775386,0.844779027927473,0.37573750943688244
College_40,2023,229,21.262170564432445,0.13777171084197692,0.486054852158158,0.019059463492419715,0.5043530989486821,0.9688928529899266,0.37689506583850885,697,601,11370,357075.1121641134,3768039.8759504,6071681.393912262,19,9,0.9270538989788258,0.2047650456975496,0.04896729975806739
VJTI,2024,49,21.2571120264906,0.8458819092383181,0.37045855161659036,0.3705474334961607,0.47279307357560885,0.44465115007429995,0.9959101006609457,250,148,6154,342755.9523684612,3382709.72978154,9038298.895518608,41,8,0.3847001420609767,0.9601795564988167,0.17982710950068131
IIT Bombay,2024,129,23.12792451500861,0.5369069997767739,0.16769058730439057,0.2410966803309902,0.8386264293844053,0.3559729189046213,0.825565503275085,610,398,9730,488693.6607593585,2645260.503626776,12798950.636761,72,18,0.5060253201746291,0.17183548100589308,0.13089898352956306
IIT Delhi,2024,11,24.30747638683342,0.5860316256979883,0.13844823744935386,0.4406292479753058,0.625559889970832,0.48979604042630004,0.3947078293112718,466,356,8905,223992.07368291737,6967904.473310876,11241501.31687015,23,1,0.7297550796531066,0.45920183139271864,0.18283353745691036
IIT Madras,2024,236,26.81243428303156,0.35471839306998554,0.45883654844013444,0.029631266798463507,0.7456091110685846,0.5507265041958886,0.045957973266052,188,157,3207,622021.046912699,2041571.7858358093,8014782.865850115,52,11,0.8725500439435755,0.27261141152473733,0.30665033867833136
NIT Trichy,2024,4,27.376028941653463,0.7634889804082428,0.492418470223168,0.29731183624295277,0.4902664644122239,0.5236231710265327,0.5578449424245051,267,203,4808,597226.2784121161,4191854.9303195584,7764925.872964753,51,14,0.7224327625109633,0.3589480751829357,0.2330003493415724
NIT Surathkal,2024,114,17.979055200604584,0.8164429482991575,0.47691663154945685,0.9994191198261366,0.05679066057375315,0.0,0.6363928490517101,356,197,5935,278023.78255247715,1215530.347623135,14629929.55107765,65,15,0.3071815768277303,0.23738801021197542,0.25376874881342326
BITS Pilani,2024,232,26.27980199174991,0.4804417194707449,0.688895382237845,0.7226796828435498,0.6920927113873324,0.13236612234985107,0.2909223270775704,259,172,5735,546697.0071526738,7933822.229390934,4608463.226248896,30,16,0.5293709593103101,0.7351770238907356,0.1989641558691619
COEP,2024,23,22.391382007243227,0.2947608150812877,0.013129281418858163,0.7380265487189974,0.8342062180725162,0.7434803085073021,0.13223290591435277,491,398,11959,554591.5855695156,7190969.92851384,11100445.546037355,67,7,0.8233534458411164,0.9365629770647674,0.12434242651021826
VIT,2024,124,18.940949944187,0.4914306422477086,0.07668523450768694,0.4036848537427449,0.40565629229695266,0.06336804739544272,0.341024220614373,526,236,7409,584472.1261395726,5772240.508631129,3468111.354918147,38,9,0.09707332158009696,0.00213638757043344,0.0922979235645269
Manipal Institute,2024,145,18.77635883434091,0.7150524910796425,0.04916583142888342,0.06497600419127902,0.40140809923195664,0.2945680110637438,0.22299324308966828,287,136,4951,283084.0062577687,1154188.448566719,9582347.4019295,43,0,0.14763980212744965,0.29011205305174936,0.19687427036735783
MIT-WPU,2024,244,25.03415603628673,0.647178440765527,0.9811749051286762,0.6020167445836084,0.356189380282144,0.6500459744855702,0.11203033152551256,398,322,7565,427328.6740175478,5459635.859566335,8841619.984396635,54,13,0.820252228248663,0.44993073666504113,0.1653089921317737
KJ Somaiya,2024,79,23.222333270053632,0.3034981415210609,0.2897499021320329,0.5613238870362229,0.1174869060377467,0.9212718089819054,0.7179516584498145,576,312,11227,216914.18149984657,5406903.878242156,2706316.4526977497,80,16,0.2836945188139729,0.4939444174824281,0.032764273630631335
SPIT,2024,155,21.46165769072149,0.09924983160385414,0.18846568926747143,0.7837224428654788,0.7146786763863592,0.5952594796633146,0.8954211040629045,265,204,4437,308135.07486465335,1713246.7164620948,6683040.944405562,23,8,0.7415202070915025,0.24394281256768346,0.16552284526965902
PCCOE,2024,175,32.07200704277808,0.8775390168565671,0.5725763930980392,0.909415107169284,0.9434307549772959,0.42272594632524024,0.3699076036936033,377,172,8091,171145.8746113406,4952403.356980842,14092222.550699515,93,9,0.11225270128904163,0.6731917534615932,0.2178994907991024
PICT,2024,47,25.68022293192828,0.16467264836127682,0.7143081151897805,0.6656735351815064,0.9665760943093594,0.7642140889340463,0.9512210222352782,434,390,9122,202404.03249878605,4489995.596539964,7006561.5587325,45,2,0.9999999999999999,0.6328787524020576,0.09378836404726587
IIIT Hyderabad,2024,100,23.52645063551932,0.10763521491539185,0.6354107515221352,0.7713376917046073,0.0,0.8629526654987154,0.17599693295515495,570,433,10588,335580.8073928709,7088342.236771976,11496452.692464272,90,0,0.7211273765497778,0.4106190609380098,0.14996603355234678
IIT Kanpur,2024,118,24.19654807313452,0.6852238933485977,0.6086452808591303,0.2900789739615235,0.13419305180584196,0.6539002856575802,0.7361397178862532,242,153,5220,439587.627687361,1597389.355390274,2559090.3742702133,17,16,0.4654338797819141,0.6830819652322788,0.041118752850936593
IIT Roorkee,2024,182,20.86832058836326,0.7914027663523204,0.5444748450139176,0.09226875662603895,0.6875888351273048,0.24071937442142427,0.9109732120327849,410,189,5841,356821.3374593176,4450052.091132127,7255766.714313298,21,11,0.12176901231639348,0.016764813483047147,0.17820570022011792
NIT Warangal,2024,135,18.08592611183988,0.26628650752321326,0.7261599427500236,0.8795030829905899,0.038912841575644674,0.39778193019958846,0.7601760569502278,202,138,4745,188192.472495728,3678062.264994448,6780537.460466428,41,5,0.5676507247490129,0.8577469074884443,0.20091163253362407
IIT Guwahati,2024,225,20.50487051393786,0.012437756972037528,0.2931000906500645,0.7737276490580143,0.516902780917729,0.3478151429217499,0.36425688797627087,157,113,2719,637097.2219081785,6929425.788887296,2306734.5403918787,79,7,0.6410508544887717,0.29626221501472827,0.3362901879734974
IIT Indore,2024,178,21.53808319577153,0.6121977254702831,0.29092814463068906,0.2008002400736233,0.14997561077288402,0.9037902067556776,0.7072878618853322,237,150,5276,178922.2247235803,7704528.606917427,14255416.148223458,9,19,0.4667984338710994,0.7459803638641282,0.4231558011542117
NIT Calicut,2024,95,24.5676619581327,0.6513716383401549,0.5620239300963474,0.7775598069746141,0.20281544045714228,0.7285070760687873,0.6156488276515102,86,47,2025,288118.66248757654,7871573.266967135,8854447.351898335,72,14,0.2934170684103655,0.8628792361308195,0.8882243091456266
IIIT Delhi,2024,166,24.413017686262595,0.6814711230267956,0.25957942673844636,0.34057614015901905,0.9178425123164674,0.2897419590649623,0.46385152664333806,246,212,5313,398656.2230844862,2611756.4449736024,2579329.704832829,37,17,0.9260941982439165,0.6855668615429427,0.061638730734312586
SRM IST,2024,172,22.580691771361494,0.5342599115752562,0.2415046361863855,0.4978765698010783,0.6791349006412645,0.07368305155984028,0.26589236329429256,207,139,4645,240153.9677113891,4210185.60459688,9291368.023714028,10,7,0.544230666694118,0.7621754391703759,0.28065141114071646
College_25,2024,19,25.348416459959093,0.9092561882477521,0.6754754652018333,0.12985235094760927,0.9956123913636784,0.5284517711505816,0.38465144904590187,459,346,11467,640571.865895911,4986778.456969726,5374043.181289175,93,17,0.7094150989843843,0.9935295748831245,0.05329424084460846
College_26,2024,239,19.207732658326773,0.17398846403805357,0.21347050379029886,0.004375973037828551,0.01134883360172112,0.8331401172307114,0.7295761839047141,134,88,3296,638653.9539957519,6301171.449941073,4101728.671080505,12,3,0.5145687935581625,0.9584523251500652,0.3089734879848318
College_27,2024,176,29.16746540715034,0.23099409889620404,0.45860396222379674,0.7820343736449242,0.9606755582810641,0.766776640653426,0.8543463852028796,313,270,5619,264338.3898018044,5440545.82210181,4886986.319013167,70,7,0.9277621765180081,0.3539066028846043,0.15935207232826404
College_28,2024,67,21.787999456886627,0.09176144472159264,0.42896786281825494,0.020712357355261668,0.47970116171791155,0.6647848958144853,0.10755176484383522,601,537,9432,627423.496519234,4462726.327138983,8665363.221564166,75,16,0.9897522178731363,0.14845621351636673,0.10871993202636199
College_29,2024,59,26.29361162681124,0.3944556292369483,0.7556714517925922,0.9207781802302211,0.9514036590930374,0.5787593261833011,0.349438535321122,150,109,2692,270199.45644675347,2341150.6201437805,13937108.12678068,91,9,0.65494035260263,0.35341440887563813,0.6370650904261442
College_30,2024,188,20.2094369787852,0.21959483213217457,0.037830206655693255,0.02764466410580968,0.1729506474499125,0.8708317429933972,0.2737737814071952,254,192,4780,431662.32101652335,3992512.819296782,6242399.602115834,23,12,0.7136149441952472,0.4327685703048201,0.19376846583126298
College_31,2024,122,26.26121994522474,0.43281444794182766,0.9056878098500398,0.8473191069953998,0.3994697410251319,0.766301995103218,0.8218613112779711,252,124,5180,315782.3495335969,6985211.411339546,4691985.519741118,95,3,0.1841541300890005,0.5907668956507988,0.20660415657554862
College_32,2024,69,28.637473740846584,0.9531838397685264,0.5074603244588265,0.4055766132215961,0.8108578347715419,0.839628279868653,0.3241669540807681,313,254,5607,407829.70292822673,4243055.572909578,2590242.6590930037,27,12,0.8251815126613721,0.35041861384468764,0.08906648221651117
College_33,2024,164,20.25820591715036,0.39380937493629564,0.5473797798490265,0.5296765731954511,0.5896299062971114,0.05864999181185809,0.35456286785011426,297,153,5156,150736.9110431557,6105413.558615974,14568991.49739071,42,18,0.2304856564773513,0.30006493143931334,0.4058518985497368
College_34,2024,241,24.635673804903327,0.7505226916000289,0.8501617562717385,0.4189543961356963,0.30111190211978645,0.3248238205919937,0.7098078112912765,143,81,2205,649771.9593595471,3840258.180305427,4866349.650958383,26,7,0.33339510451301513,0.12350419399612145,0.3989055992778173
College_35,2024,36,20.81614492430754,0.38246387292940365,0.41468569331699845,0.7541807310387245,0.017853098532124245,0.2680772499284468,0.5121116224291429,234,128,4832,507212.0820356212,6313036.977653516,3332707.532864168,69,18,0.29441425298435464,0.5993204186311643,0.1773140571913193
College_36,2024,141,17.240047253936975,0.9854194505853966,0.4491499503119696,0.15214602287711854,0.17794223856828206,0.09586295292321584,0.8019495527876388,517,395,11198,580845.4518936726,2918501.125395337,12491921.75026714,97,8,0.7299050087432707,0.6912087486755549,0.10693904851809419
College_37,2024,163,24.59658021470893,0.21199388995316593,0.6662404377024245,0.15042665069400218,0.11640378320207079,0.7679262568379996,0.6676724533559404,471,307,9106,343618.635589048,7346005.47470514,2208804.24475308,47,19,0.5047122226963,0.47957109690604693,0.06983722285189825
College_38,2024,232,18.526023341830367,0.006187006466312983,0.704929098754379,0.9732388736602477,0.4363193028192841,0.23374600622813452,0.7019513360663183,272,181,5922,420367.2835665521,4007171.605032453,6014847.512095431,84,5,0.5320770652676979,0.701442393198215,0.14282318462317173
College_39,2024,16,21.325357006157056,0.17720855320642026,0.8015702088400609,0.5506134064997759,0.39506612567876387,0.12962325149224213,0.8645733398159232,497,365,11729,548340.6985956861,2753275.291547493,10123363.294890985,71,17,0.6704720179892599,0.8677089105965707,0.07534865524294089
College_40,2024,62,18.80815716876943,0.9950850955070278,0.6289574581330173,0.24170665213404918,0.1605000022311348,0.18528473910944393,0.007492861297735076,102,57,2139,516349.5252951402,3831691.699017088,2888591.604029462,63,0,0.3181237826788458,0.628525896828829,0.30733542906054
VJTI,2025,57,17.000381602589673,0.08006392990212863,0.33339475625099024,0.6769646656027299,0.06947493159965334,0.20392646182569435,0.37409151429168097,449,348,8358,200686.4487765796,2944969.4326279857,5592148.4100560965,78,8,0.7520442409083529,0.41419093906948956,0.06667551237384785
IIT Bombay,2025,98,21.69984924958722,0.0062508717453071405,0.45045739579009836,0.9801692256144272,0.10059498491171082,0.5491758463411454,0.9797918541764059,247,170,3988,252220.28697477345,4637929.8402613895,2962548.832860524,7,9,0.5778665923106564,0.1895698345191097,0.16705540898339996
IIT Delhi,2025,207,24.05632659896833,0.486755492600927,0.2682384351934075,0.28214386625180543,0.6561896863528275,0.9734506139680399,0.5993309794074204,203,144,4195,474252.4100593441,2871814.195002789,2196438.894788176,71,5,0.6202096812483279,0.6007262148397599,0.0878698291854541
IIT Madras,2025,48,24.036966838829564,0.5689051511396865,0.4510293411155797,0.6714130883322322,0.5827314477476032,0.5269629706315304,0.24036804519426014,182,158,4305,202952.90220187884,2083800.2881840388,14281571.364180036,26,18,0.9388234156838681,0.8726443575037524,0.3822103652906065
NIT Trichy,2025,176,22.56434348596617,0.001361311995746739,0.7737706843686933,0.6239923293111165,0.3719858231507758,0.04771722184771754,0.6235070031455847,490,430,9304,349517.65882121737,6878611.246650987,4451027.874740265,36,5,0.9577251510373571,0.44813094898638073,0.08895395573408299
NIT Surathkal,2025,178,23.484400233314712,0.6721620359009575,0.4985491675852636,0.7430422399706738,0.3253110090815723,0.8943133472277804,0.07288201820171969,289,178,5676,648131.1432624384,2604203.6584991347,9109387.55638858,45,9,0.4326951145316996,0.5074837258454343,0.18497339675693708
BITS Pilani,2025,16,22.13309878309014,0.7221508884767276,0.09047553292786747,0.19288054846519787,0.8776850502678953,0.741712653032905,0.0013598918091904943,415,355,6164,327430.4153730739,3973400.71297537,4799476.957973184,37,10,0.9133174595442198,0.07195872095978828,0.11228124349403643
COEP,2025,134,26.8903328018612,0.07724101830416963,0.9535881852329056,0.8398719553507807,0.805049080413904,0.8266786552846606,0.9329114340226272,203,106,3993,643829.796170626,3040470.18646606,12019652.901772171,85,8,0.2445648487634665,0.5101960034121027,0.37882251953574664
VIT,2025,92,26.122698185335317,0.8094420334912336,0.33353945688459685,0.866898032996317,0.9156059641146849,0.8638270744023413,0.022913472172922833,337,253,5641,363800.6668516686,4097818.603703219,10441190.21949946,41,14,0.703252826708631,0.2435312424894165,0.24327550410591905
Manipal Institute,2025,242,25.812696576735988,0.421897949988673,0.5005960391452384,0.7858288156933522,0.5980740052416392,0.19958776294529418,0.5857428429222005,706,455,10326,613555.3144292136,1737752.5267546368,11937729.464981556,82,5,0.49000536869141975,0.05131120243585441,0.10105945142144962
MIT-WPU,2025,88,27.211207963914124,0.41108428083028214,0.9260281236576324,0.10442858295879187,0.515361203119446,0.7899120131995965,0.9428667438241922,122,49,2802,612280.5276884024,4103145.566620228,9193942.442254718,29,19,0.002696896872329546,0.8101755954094438,0.4893643546187575
KJ Somaiya,2025,118,27.486294750256903,0.7988183358362613,0.30763806872169375,0.9160838159611315,0.9532967599836372,0.3262833448857732,0.3467053962116482,293,163,4854,601779.2217162652,1543485.431921469,12775326.591288462,43,8,0.3130878103924185,0.22785389316986748,0.2855561976883434
SPIT,2025,229,23.35756363304761,0.8041096294931336,0.8862388820816198,0.34016035849352355,0.4605870666008284,0.4147916219144055,0.000858598109913844,214,126,4700,394688.2244853351,4007260.1449265433,11628139.935626816,89,1,0.37824858526262883,0.7187790513849859,0.32832078502654793
PCCOE,2025,206,14.74982961283554,0.7408472861012529,0.5155013103071375,0.15451223674841774,0.08095868802675699,0.016094728752877763,0.1554444161407481,383,176,9081,467319.6282436903,5075006.653044589,3539395.5092871147,32,10,0.11886811012108134,0.8777697714045198,0.05841131612390467
PICT,2025,243,20.6394685759846,0.164650212746406,0.24334725783514788,0.2620415860390064,0.33397074737877563,0.7524692513462707,0.5671714618129438,286,191,5360,498214.9035180536,5915022.673272806,4232020.800170844,54,1,0.5368751494926228,0.42570510921151383,0.16561032426259745
IIIT Hyderabad,2025,103,26.326877934876983,0.5516084209577947,0.5761892304571719,0.013598638446440381,0.9455686689477604,0.6992643879175338,0.48991922038652014,410,305,6390,253126.0569180763,3743015.6123161823,13643772.109044123,11,16,0.6895279670887627,0.13858708434730826,0.2595690242683766
IIT Kanpur,2025,243,21.61275068844032,0.42177776193968164,0.016951389113676996,0.7935823293898425,0.06639889348489969,0.47503065429403063,0.5557836878561682,805,613,11359,417828.29967378936,6852823.922450742,12678048.717709024,84,8,0.724822898899146,0.004411545386831861,0.14589691802379415
IIT Roorkee,2025,22,24.49601289810328,0.1243553867622571,0.2852729326389698,0.5292268906162474,0.5094778553176115,0.8242736426313948,0.39753589627348185,494,298,6994,473887.1164751711,1108558.3143861452,5651465.547421169,70,7,0.4072535600410033,0.008718073513199975,0.060446131459789276
NIT Warangal,2025,64,26.316170182777515,0.48290418493313436,0.1811238247485456,0.7433019233090903,0.848038300994762,0.5469579224622259,0.9825793527320077,542,487,10181,429529.6424733011,3248135.068451674,4861447.236761791,58,13,0.9998123176101174,0.4296057254137311,0.041150573259151765
IIT Guwahati,2025,48,15.608747499338394,0.6145030141122962,0.7078738637987079,0.37022033749054195,0.3678985372028891,0.042504281004047184,0.34216402657644274,584,297,8239,480842.14419992827,4387925.57725823,2069075.1836884972,65,14,0.21726153609232013,0.004167514632603897,0.03969447006734109
IIT Indore,2025,144,24.10672488822373,0.06227657155080246,0.7679644471288656,0.5819968110193852,0.7818368520889868,0.7548455175898137,0.8014264484255818,351,270,7330,234940.50302536765,2364826.3993020244,13575323.72385127,33,16,0.7403551944722307,0.6205746272490422,0.19756505939051353
NIT Calicut,2025,237,27.15721907857338,0.767660745980846,0.598011337778285,0.6532719240467857,0.8893841992508135,0.5804575928711744,0.6284789335507079,522,317,9081,506388.8381084155,3703483.9497192143,9650564.157066854,61,7,0.4153624261067296,0.3033658421553518,0.11765022576586848
IIIT Delhi,2025,195,19.71117245018113,0.21354200027563164,0.4251031917802257,0.9100615629694471,0.5059633081960037,0.18629910006564504,0.06545198260819096,150,131,2857,365543.43131164473,4845398.514319303,8932268.190628333,71,5,0.9492613739846282,0.45349062774591453,0.49808728084193454
SRM IST,2025,101,23.68429015397992,0.6429988687833939,0.3244126029884733,0.2639758789604181,0.18871105924151999,0.6972614481262802,0.20913731977332795,213,91,4915,538395.2417036137,6751535.530732399,7999798.058651888,74,19,0.05405063609354366,0.8199925499133467,0.29138885298335826
College_25,2025,146,22.249735345097925,0.7565776648497597,0.1498996201081233,0.21105941377513204,0.4627413164495703,0.26301996992076454,0.40835438539976954,328,278,5759,594059.0944670179,3277034.328532234,13712491.643976085,81,5,0.8975431013803635,0.31804748792011517,0.2855769884922724
College_26,2025,144,19.91021717433553,0.8554511721467553,0.24864500771957765,0.5749003992561774,0.06460256413302456,0.09251813040661944,1.0,432,345,10490,487129.42100324953,1040030.0695255252,8055734.791900622,99,14,0.7993137324093299,0.9298298425808171,0.0491577838160851
College_27,2025,235,22.63133874760401,0.41354433660001444,0.12930026716547993,0.013886509260882862,0.35881137305057564,0.7871045758546829,0.5613614476208002,342,139,4850,608301.6508212056,5943109.514833379,6016427.870885985,59,14,0.012315985342732372,0.010846222771472736,0.23062057193672822
College_28,2025,110,19.88222887629468,0.0,0.9404654026858752,0.4110453362923636,0.40086786602783187,0.39066890922226466,0.057703956750666974,343,213,7660,503698.5000164639,3724613.30184252,4975381.012285487,87,10,0.4428778833137449,0.7524178249152993,0.07965293385086544
College_29,2025,21,22.9617173734616,0.37308553841773096,0.6194579682018175,0.6319558495294697,0.4680551582274254,0.4435738560487777,0.4883418279744325,479,204,9845,377382.17127633054,5723504.115171874,10807910.980487902,86,10,0.05135602985767196,0.5905558578851033,0.14132858884466612
College_30,2025,142,25.23481699887134,0.6381783586088778,0.05334515998647116,0.6432758650664891,0.9748052738307743,0.06719059083425699,0.54971105274808,436,213,8982,502569.5727852817,4186203.9421355934,10680887.69084099,97,13,0.17706758498344288,0.5948938456459123,0.13860923359656632
College_31,2025,200,21.060157157076773,0.056307017955848915,0.686560531471794,0.016457720650365104,0.16914964305338687,0.45418155377707997,0.4485286676396394,481,289,9323,226845.52142210223,5008250.630174156,5601162.816237724,40,10,0.4024228178145782,0.4840475106525284,0.07990414122242018
College_32,2025,155,20.43334590683712,0.09126129740342037,0.5949280475118617,0.7023690142288741,0.06387167999847176,0.2295322747343606,0.9156397936916134,185,155,4387,479522.7050661162,2478622.820310517,13218958.807665337,60,15,0.8780313479253484,0.8780727972723728,0.35686861035051476
College_33,2025,17,25.442926325320567,0.7459676489119085,0.28628724275933903,0.8035846489584348,0.9978769106046955,0.02708298701610723,0.8970826943793486,387,304,9431,213968.4622558916,3432549.5769762667,7660117.400284562,16,16,0.7730628484990697,0.9377542084356889,0.08424088025518756
College_34,2025,126,22.597619350157007,0.8632728625112573,0.9400153188614118,0.07732596929522217,0.3840712490028535,0.06843515706932363,0.20110629778016664,571,305,10954,200489.05340888057,2172437.623658754,3914582.326177183,7,4,0.2686117965154008,0.4659747948146653,0.013813981520154145
College_35,2025,127,15.793371533213657,0.16372371694442922,0.11359628785889431,0.0,0.15323074528712521,0.20581369937714594,0.6266437549284845,447,192,9587,255253.4698326715,6663165.482041734,3909985.00658902,68,5,0.058666434665518574,0.6719079422027954,0.0759180902126218
College_36,2025,65,27.177386273686903,0.9999999999999998,0.2710805655369195,0.09096925643343434,0.8293587545479723,0.7093967646213175,0.6130986049555602,603,416,9357,402754.38019493193,2008551.502092397,10111980.31187677,64,16,0.581127143033965,0.13240483786714208,0.09776457327291163
College_37,2025,40,20.846286427579937,0.4628548933814054,0.30630103703804257,0.8235655037344423,0.05428899344236493,0.41891707963277663,0.4521363944963266,313,260,7067,306937.74836123525,4766158.9375473205,12921405.019709598,85,8,0.8636492616076107,0.7747906137012179,0.23481496677326688
College_38,2025,141,26.0909912413641,0.3730665029991562,0.19461414818134148,0.48652926291745535,0.741375589462881,0.4934980114155964,0.4772248139575088,152,69,3234,549858.9568093598,1862628.030014274,11080898.127718782,63,7,0.10766519980560074,0.6563404946713278,0.40500646150729636
College_39,2025,246,27.863416808274543,0.9013174460078086,0.8194855815700948,0.507537398831164,0.7359548246462074,0.5139961622239095,0.8689426996562664,216,100,3695,577351.7250465987,2157116.0029657288,13105390.256965363,7,12,0.12575710203701673,0.2769757211627688,0.41956352425597343
College_40,2025,190,26.176147766688818,0.8359272988441075,0.2854724166498732,0.9295812485781965,0.9704688471930324,0.5728481381691017,0.13238580719328763,680,591,11421,596992.6025234803,3362362.279724288,11483029.007811628,97,4,0.9408016120064023,0.24869115702573508,0.09827408378437966
