institute_name,nirf_year,nirf_rank,tlr_score,ss_score,fsr_score,fqe_score,fru_score,oe_score,mir_score,faculty_count,phd_faculty_count,student_count,budget_per_student,library_expense,lab_expense,online_courses,iks_courses
VJTI,2020,58,27.52811934621027,13.745401188473625,29.260714596148745,17.31993941811405,21.973169683940732,4.092130483097056,2.467983561008608,252,191,3685,619276.3545078752,1005451.3608871003,14898750.270785829,37,11
IIT Bombay,2020,51,23.132869250154016,15.247564316322379,21.479175279631736,12.912291401980418,22.237057894447588,3.9764570245642927,2.8764339456056547,674,300,11167,459193.0046665436,3677233.938870139,14782001.515488246,7,4
IIT Delhi,2020,4,26.544371051242674,16.803075385877797,21.757488779543145,10.132649611598666,28.844035113697053,6.943017524918774,3.1562495076197483,192,164,2775,279389.99080000847,5637655.990477874,6052243.989162342,10,9
IIT Madras,2020,41,26.987909226826012,11.84854455525527,29.54376941646838,17.751328233611147,28.789978831283783,9.26379145299354,3.7936999364332555,596,251,9629,312665.16538163216,3720741.0278263735,5527537.4130606465,57,12
NIT Trichy,2020,247,21.01532340731521,12.962735057040824,17.479004085945036,10.156364067411939,18.468029614127392,5.764170627228988,2.8804645241541142,326,236,7892,607479.8377718903,6950270.044528595,7842858.763796644,37,15
NIT Surathkal,2020,15,25.855619628368675,13.109823217156622,19.877749830401207,17.29606178338064,22.751149427104263,9.210489198034285,3.4166447754858478,462,360,10110,430638.59878474806,6396770.259681927,8419342.75273708,13,14
BITS Pilani,2020,170,22.183464022047993,11.108908208118313,21.590047527986552,12.017192023353962,27.915271913470388,6.327591562274782,3.689826715929151,452,351,8374,264399.0827458112,1538859.368801551,5766768.887878984,90,1
COEP,2020,205,26.935695749519837,18.08120379564417,24.501056347656352,18.714605901877178,26.07344153798229,4.3059904122022505,4.677676995469933,424,195,7450,328148.9190384875,7347799.090820278,5537719.242000259,31,19
VIT,2020,113,20.669835198265737,18.607305832563434,15.10428195796786,15.107473025775658,18.348220062975578,4.554754673295111,2.3595961020010483,160,93,3495,635891.0413604804,7737131.064594779,5273169.845729734,6,2
Manipal Institute,2020,183,25.915511195695697,11.480869299534,29.966107275734128,12.667810142752849,29.532299116653057,5.877259093227619,2.099152198701645,327,169,7855,222447.43604561154,4426169.321942941,14813455.90343781,36,3
MIT-WPU,2020,90,20.877705181865263,17.616196153287177,18.564563159885996,17.282163486118595,17.355662654385064,7.4261408141550564,3.900589132282684,689,450,10800,497906.4033954409,7008511.633696039,6237465.767624501,40,18
KJ Somaiya,2020,7,20.90009505203639,15.12093058299281,18.39743662796907,16.451727904094497,13.48732858009983,7.836564166717261,3.1602060389016122,188,138,4385,517608.05962038605,2463501.345163996,9038823.659758355,46,2
SPIT,2020,200,20.935965700118082,16.599840460341788,27.258333003018237,15.552008115994624,20.59301156712013,4.692966036303162,2.2793083034176975,238,195,5170,578162.1459390462,3831556.889855331,13541011.283892477,79,16
PCCOE,2020,33,28.124417304594573,17.853406511139436,25.034823820713427,15.806866214364547,17.44565533123486,9.580934097204448,4.920991510265952,314,211,4961,495947.5988463466,5563728.816518203,4915501.022987277,37,3
PICT,2020,21,24.659475369446124,14.938937151834345,17.682340638319932,13.664687845828599,24.883410461131245,8.046579469764904,2.9241823755571676,325,225,5446,639446.4291375045,4407195.070716186,13779284.240341201,31,1
IIIT Hyderabad,2020,124,28.26130293982355,15.026370931051922,23.653558269395386,14.925176938188638,13.90485975596089,8.057164806830537,2.8423170873225674,295,124,6642,647275.2553986706,4289611.5979366,5634284.443357862,10,2
IIT Kanpur,2020,174,26.91143496919534,10.154566165288674,28.92477843881588,14.281841483173142,29.333096380873393,9.74533983962477,4.55902836640208,477,306,8102,336343.4335470247,3762840.267666306,12974770.829442048,71,7
IIT Roorkee,2020,50,18.95659239795198,10.971764937707686,24.225108400487546,19.900538501042632,12.80168030473048,6.628307566546157,4.632119215783867,119,55,2784,504455.4984550593,4869739.838355354,5854631.86742138,30,2
NIT Warangal,2020,180,28.762513880579508,18.670723185801037,28.698608288347067,15.113423988609378,20.030325893743992,8.588066252767426,3.9498917923332955,469,194,11163,439432.44775377936,4069318.8611266087,10736339.758837592,55,16
IIT Guwahati,2020,144,22.52114923016383,10.388347344294232,19.548982720098344,15.370824271966555,16.53302483592082,8.79508302651312,2.8146287474592255,105,86,2004,247190.0169974365,3879477.33539675,11093658.73997352,44,19
IIT Indore,2020,189,23.091434843313987,19.758520794625348,22.74450522451793,13.22956472941246,25.90372389537407,4.895825758834519,3.3169142621169083,128,79,3081,269893.6795787016,1657113.0305690423,4377257.962394996,5,15
NIT Calicut,2020,144,25.82146627198478,17.378969166957685,23.31531078767101,16.117207462343522,18.3920012485558,4.7341169265081025,3.0679180359537845,653,299,9253,173001.3210108764,1285101.616232791,13120987.592143092,73,11
IIIT Delhi,2020,24,22.957364857357682,10.978341606510014,22.374238126752484,14.734717707805657,13.464037398200304,6.036961544665811,3.19551420319212,287,116,4849,616718.1540397415,4507279.187406815,9011906.829200812,8,15
SRM IST,2020,43,31.3490365018064,19.43891604560757,29.163773956877513,18.671989335550037,22.728071948920224,8.6066450627768,4.031505027148945,287,231,4427,560319.7378719777,5381577.69071101,12665548.969026484,44,9
College_25,2020,217,15.143607038186909,11.957911347892964,16.040419513127482,11.007780013774266,10.364436513030995,3.6611007252914987,4.04902032024907,665,352,11817,398018.7271467031,5850232.510843576,6528375.857891567,79,3
College_26,2020,183,24.06405938066354,18.034809303848483,19.2305185885696,11.774395437797228,25.012295032817168,8.647843174870848,4.97151542600202,394,206,6079,440272.0061719549,7069816.250468054,9304266.997869058,16,16
College_27,2020,111,27.994851212367724,17.508710677914973,26.318143111270235,11.031238688359327,28.051058133591333,6.536766607135,4.479372398323225,97,79,2395,327452.59523136035,7697606.195885194,10798008.757515943,56,18
College_28,2020,215,19.681926858922136,10.832844111952596,16.375562208877216,16.02440925901119,21.074061046916015,4.4890952651696026,4.838583628645071,139,61,3167,397210.1523512907,1402911.32011651,9143875.470208561,9,2
College_29,2020,240,27.1262770897583,15.45915770164989,25.58747225818042,19.68651943974135,23.76060020350078,8.858747119661617,4.600606115932524,215,174,3191,503121.1135782481,1569441.4644932984,3102890.283107495,87,7
College_30,2020,173,29.961201176493105,18.63138521989004,28.205399529576255,12.366851936820787,28.153874126970926,7.143221171748991,3.0506547401009407,631,497,9419,429202.1248679025,3969554.0647288337,13782607.006231569,43,2
College_31,2020,160,18.591518391587183,10.113536447674191,22.029909629911895,10.563032756818373,12.376358325361439,3.8226837274397343,3.9476309063481905,138,74,2504,584299.5640947302,2565170.8696361682,14521893.012727946,48,12
College_32,2020,12,28.308834353143,15.560050386425846,19.840295824163753,10.434007832981727,28.49286660447192,9.433810006950615,2.7589705039677233,391,292,8190,377270.53238388663,5392906.560588444,9596086.055000303,20,10
College_33,2020,161,16.116649708730353,19.587024074078464,15.86795846636561,13.9452179860813,12.135121318717687,5.349620453578742,2.5090397116866967,464,203,9483,637197.4038330832,7903475.21135722,11076102.282256687,21,8
College_34,2020,118,22.767426184645995,14.112067208721863,24.041728230349477,12.7095764251513,12.663702504474994,3.533402657194142,4.821595481406151,410,289,9026,359121.5181453094,7529099.383478094,13258830.563505307,9,0
College_35,2020,102,26.286778589817317,18.105533307818327,29.809141939724167,11.504168911035283,21.8826143070427,5.66623599641715,4.909743193443809,252,117,3633,156835.98241349866,1527513.4224672362,10992287.163195856,73,4
College_36,2020,92,26.151132641881585,19.13165752257643,23.77724298488208,17.26120844071848,25.141624040849116,5.644953844930505,2.7232544969888957,557,488,8600,453087.31722544006,2600499.638524239,10732108.897276137,36,1
College_37,2020,98,20.151053365304815,12.686724820253072,15.332771130454525,14.981651866458929,19.52421393578028,8.819600430437507,2.9233317193131483,156,117,3252,256482.08075445535,1954600.3291073884,2189080.653682465,42,17
College_38,2020,74,29.31074231893178,16.366443216222827,23.322234128133385,10.910020910513303,24.527940653004563,6.832124148293781,3.352731342248313,629,447,11550,581181.8543733726,7646644.365603495,3911955.2520774934,60,16
College_39,2020,96,17.018017764005755,17.689177413153974,15.993539667777988,10.45861266404633,22.416113688441826,5.431893857577899,2.6273923732355424,535,248,8254,225951.3467561472,1971790.208545871,10331371.68244179,8,2
College_40,2020,78,21.17459970401144,14.739616402628723,25.013366077815405,11.723198712016298,13.845780376173416,3.286080313865352,2.5068051892164935,424,188,6777,210317.93555030038,4225451.37622908,4682338.339275303,38,16
VJTI,2021,218,20.888397534139877,13.300995133101555,19.823741470200435,10.922905862287461,19.62290788112586,7.8144930196725815,3.534971040641784,377,302,6432,524129.8451918292,2291647.1354946415,4721541.203377234,60,13
IIT Bombay,2021,28,17.84342077357368,17.599554089375857,22.96898630960301,17.20516061391465,11.246827250224829,4.034173643343587,2.3993507857624348,298,195,7122,416056.7426326578,1750204.0793784324,7816360.768704911,19,4
IIT Delhi,2021,236,22.07230405191875,10.200711977777264,19.831187483747676,12.114480069965445,16.54994704355829,3.8383349227347585,4.671581842219685,485,310,10258,442099.7423570846,6157757.32776439,9250649.457355686,44,16
IIT Madras,2021,190,23.815310856020417,11.275803027955638,19.256638586980866,13.63082296398635,22.918344826632023,6.995448132682383,3.0682901776935387,163,141,2876,153767.18156703736,2577329.5839876975,6749638.655762749,8,10
NIT Trichy,2021,203,20.210958385189667,12.85095168693847,17.60060392942132,18.967654246264253,11.604674913232845,6.671579726991783,3.2311904809689844,725,643,10195,395374.38962939224,6060272.676352429,12671199.150993584,70,14
NIT Surathkal,2021,77,20.010332115318057,15.716126894698998,19.199686404904263,17.69492933191937,13.740874971150468,5.265754654829706,3.2763093158492502,100,66,2224,503615.0478222222,6374456.510099871,3134772.334665781,15,3
BITS Pilani,2021,69,19.5034436230603,15.325894325515858,15.777353052336403,13.366042781939207,12.688293538779485,3.4436247933093744,4.9698806971698355,677,271,10512,208348.03207084068,4312163.407363245,9879324.4537259,39,16
COEP,2021,213,26.531176831144148,18.306194077877294,29.47540365999769,11.242972234855447,24.617349504072884,9.568383197747265,2.5436991984969803,486,369,11762,174047.32198204385,6470601.372259904,12763231.533307394,18,2
VIT,2021,53,22.38272802250233,11.864049867881441,18.535376190974997,16.337585637201773,28.15732260925032,5.213376076075463,3.76492002738517,468,257,8943,523804.6900881256,4519042.730647353,5018765.036908625,70,13
Manipal Institute,2021,185,30.407235069402088,19.06472110964547,24.36356993870988,11.168980407083641,28.796642472269504,7.393956371499925,3.0047168439712584,477,400,7567,397711.8132019828,6190226.377973318,9450961.040346052,33,5
MIT-WPU,2021,68,19.016505704986542,13.117220677955483,18.727337097216985,17.43946292572677,10.670648694715588,6.989227794099216,4.287376057222072,527,433,8028,213744.33116599123,3781011.0339225708,12364839.755134197,9,14
KJ Somaiya,2021,107,27.515087557720047,17.222525683930662,25.800548048191118,16.411476328852974,23.878968889342,6.799071103433173,2.7553971767208583,178,156,4116,321262.1285892717,2591456.881209909,7506759.211466277,94,13
SPIT,2021,40,22.292326571317027,11.533514031160802,23.793447480251956,15.05888678884466,22.22908470869296,3.1267712867458837,4.616371726832455,269,128,5876,438144.1800834066,5247005.324679991,7513698.726931018,33,13
PCCOE,2021,202,23.23856875300112,18.404396319804228,28.660292973835695,11.228107818457339,14.718120691901625,4.1586435725710285,2.5589626384823623,208,173,5030,409419.02856303606,5138928.050214505,7187035.150311694,77,8
PICT,2021,180,18.411394371216794,18.028534485980114,15.069480345069042,13.334991716911443,17.963373871818867,6.76176922056546,4.759566849238281,440,305,10609,166423.33512171917,7389246.240153902,5226943.755842974,29,6
IIIT Hyderabad,2021,49,22.397527828237696,14.189254495045478,28.7226885160215,13.62393899116633,21.61176700556087,7.425850015436713,2.039283369765001,385,341,7588,379494.4940085065,4901137.582230335,13188216.232579544,67,7
IIT Kanpur,2021,114,26.57593106193682,12.995959117664771,19.649053894029166,13.973181154575979,18.535778106734988,8.598474154519886,3.048160997147999,609,415,11692,182854.31971417618,6428693.3168650735,7892754.851724359,70,16
IIT Roorkee,2021,93,20.045280044272236,14.97011948821249,26.48034421599361,11.029814793313156,16.687256226209644,3.5285235466272247,4.259738662242352,404,291,6873,354367.0855490482,1177704.489622414,4029983.765760475,54,6
NIT Warangal,2021,144,22.51311924697167,14.079844953648447,23.275838928890096,12.538885640433044,13.922261993869057,6.538555153742236,3.7851469391012618,435,225,9218,199720.6963796726,2702205.3369961786,11389470.114123568,50,10
IIT Guwahati,2021,129,18.957098703637097,13.971835296184548,25.021277048559693,12.04984295415821,15.862954605220265,9.27435072964784,2.039005770532208,496,408,10966,211388.44483135425,7135108.531127057,10358032.326985292,86,1
IIT Indore,2021,215,19.31649739253336,18.17443561738441,20.12726027546814,12.594234334312926,17.59384816334534,7.132064597603654,2.8041909224686288,553,490,9083,539879.3873940153,1799665.481442778,9355096.059565287,63,13
NIT Calicut,2021,75,24.745612568081388,17.998552559473154,21.3782025670385,10.224693083201174,15.373547187698922,6.791439502626068,3.900434659478442,603,492,9368,642201.090351776,4679831.276118801,4231830.716027946,91,4
IIIT Delhi,2021,138,26.469036395235953,18.22583875911674,22.944925179826214,18.15054428402457,19.961815070220116,3.4702277994099706,3.2157442640830665,646,343,10041,283249.1966854411,6125292.049213436,5259498.587300771,57,6
SRM IST,2021,113,21.46541293632316,19.1441194592496,21.281557873381097,13.831385282494974,20.37835410565675,3.3287617674253855,2.4988501062682382,211,93,3386,535492.9627677393,1477747.937478641,12882026.87913938,15,3
College_25,2021,245,22.019628302624813,17.215328611219057,24.156070005119364,19.493067970577656,17.932987461041087,9.678608555777432,2.405003832263621,648,452,10942,175712.90674212517,4474563.730408655,9758957.035919558,77,1
College_26,2021,44,23.185765196482116,13.443837320442332,20.273102417013284,14.127935506067523,24.098510993779062,7.188002407877082,3.3790445382833934,433,346,9970,497348.2354272134,2905015.9606097387,9672998.669298133,23,4
College_27,2021,109,29.739346646320854,18.074302518167613,29.431481786461767,17.900135587918562,23.811204648912813,6.649104671894985,2.260115635586551,351,289,7604,274834.004429593,4425974.745501983,4875722.743654829,30,8
College_28,2021,223,26.06051245786367,16.699174645500392,15.662481565651502,15.88263756969931,29.987069991316698,6.890646070060257,3.419630354244,166,124,2390,298674.5036862754,7470773.367635712,14623757.18714978,91,17
College_29,2021,210,24.53342854405046,18.620426509893136,27.668240978026056,13.191004732432557,26.57830948301355,3.2590534430084483,3.7888096354461593,98,55,2130,512383.3857643808,1457494.3855925966,6098774.391797935,8,12
College_30,2021,221,22.70914314668148,15.201681098787319,21.402255849822964,18.766653778624494,18.35012168055784,6.233599954029113,4.971023940025331,268,178,6346,619533.8492564481,6591482.650415658,14973143.436933387,33,16
College_31,2021,193,20.67632892055835,10.375967732062609,22.196719902847573,15.807572072273278,15.433739421380082,5.788011687829449,2.27509800533429,378,218,5760,293619.49582704087,3074156.8431919306,5036900.763648829,29,15
College_32,2021,226,15.318217583418495,19.103391020575344,15.676510158304847,11.094675986791152,17.83260281080712,3.8710629010779947,4.869247092678275,169,75,3828,358790.3878924642,7153828.152935154,14281516.289788334,15,12
College_33,2021,9,24.194866468927763,11.670339460920752,29.86752939205465,12.316717013834435,28.854635482702513,7.54752654294658,3.8232103846365773,171,84,2824,539792.2367833767,3450876.8141671107,2751954.795324153,51,16
College_34,2021,98,26.08601152951418,19.27752283195213,29.923617339696527,11.738952492194873,17.924840378053176,8.30766932992864,4.088061854161377,443,226,10194,261908.8074113115,4758820.960253895,9708219.152942142,18,4
College_35,2021,90,20.465355334990146,14.574320977737074,20.867546491205697,12.72959374856315,19.533536566607367,3.310636644732657,4.556580600041023,585,259,11752,354226.60653534933,3608819.619086198,5376799.188884241,9,15
College_36,2021,237,27.730942889465535,15.32602519400762,29.431829588880746,11.094688600544538,27.889598619361347,9.940327346015337,2.184551078717705,597,415,11516,562340.4829625746,3434664.455315351,10814209.983267827,95,12
College_37,2021,31,18.97878591662684,17.339099189537016,22.818904682706226,18.68160804051547,14.90571064510669,4.101384617917682,2.4812003159902165,554,392,11908,526358.3197788206,2110235.737051516,13451319.86958607,62,18
College_38,2021,223,20.77663640719031,18.258167505647627,16.93304801210168,13.35118854259142,24.870165125832155,4.1253192723381575,4.453901072357187,550,221,10780,293519.0665874564,5318488.428630196,14755420.314356504,21,7
College_39,2021,12,20.183327784694196,13.766953619867987,15.136086069790874,18.186794204998417,12.568974361863827,4.983400637859071,2.0552831562146525,163,141,3435,201254.86399533963,7560599.410655158,10942514.389910573,72,16
College_40,2021,33,21.243502070273763,10.673506014687717,23.7325569026441,13.458830569529567,22.41831035534954,3.32019423668759,4.614610418457129,317,197,6799,473786.8217009538,5160771.014599817,6986959.385273083,33,10
VJTI,2022,81,21.433886605865183,13.236102191495412,22.329647856069986,17.70407417807793,23.665907532130106,6.121318944637238,2.8208799988449975,479,263,11078,569973.5823362359,6409759.460117632,4990697.879408642,79,2
IIT Bombay,2022,64,26.100369022770494,19.63236653440132,15.469534706212743,17.312700669736856,28.190490218956366,9.00152064464749,4.893561416810625,216,192,3682,354667.0031575215,7258694.425753942,4989409.876584121,65,2
IIT Delhi,2022,46,24.23542413417204,18.68122813490531,25.723860603033714,15.627502863433826,19.430649202050255,6.802629640529707,2.477737214837793,251,178,5633,215622.4388411938,1227683.2564387633,13971022.021603929,7,19
IIT Madras,2022,209,18.365909274807713,14.620972907656606,15.018477527496389,15.983272651224269,22.146128965253425,4.7327796892236265,3.675238017749594,710,515,11208,312962.73197603744,5131847.572199357,7632207.736631523,68,12
NIT Trichy,2022,80,21.54804075256543,10.116205399081007,16.08670331691838,13.924935564066848,19.59877669434247,7.200143836835126,2.8749877361279097,258,196,6197,524580.8195506415,2021454.518246018,3336301.2584046545,50,14
NIT Surathkal,2022,103,25.068568456100497,14.823563815515914,18.15524369878303,13.460165676448396,25.516094715859122,9.588662529626706,2.2172488164390245,559,321,8368,166601.55439568328,1550049.4800851452,7160002.59062075,70,5
BITS Pilani,2022,84,25.617209839349176,12.008590898622941,25.397909112340216,18.214407280098662,10.823669905585433,7.692698208480886,4.854649923065981,672,583,11631,623675.2313155193,5377132.621497635,12184495.43724099,11,10
COEP,2022,100,24.904261288517986,15.530014525919585,23.96213793947895,17.83832553418862,19.618076628979697,3.2852787426473093,2.491998442968492,410,176,6109,273551.61700507323,2116812.7607923183,13333186.365698623,23,13
VIT,2022,97,18.103273160251863,17.44279065594956,28.077491684596815,14.336553339563888,10.873233154147224,4.131707809027619,2.062583417874614,424,307,10503,249771.22546457258,5761597.69701904,2938579.316729286,67,14
Manipal Institute,2022,162,26.406416891127,18.404524062769333,17.612900048673804,19.607805514869767,18.318147322938817,8.923717044133344,3.8862944546178353,515,335,11579,421650.2616816442,4597971.074661075,9644758.91517103,70,14
MIT-WPU,2022,119,25.9159928303967,17.929560946056316,24.825140082481628,19.92133316340672,15.6770905721729,5.514057207663621,3.1515414556033887,641,485,9904,604516.2603328205,2257781.762091694,5088063.224010409,82,1
KJ Somaiya,2022,229,17.89342738091383,14.13031174647697,16.03699179279929,14.371653888168265,11.947867851071043,5.835145593562251,3.7787551994953454,238,165,4278,231761.93629251135,3737570.7565623242,14602360.190358737,70,2
SPIT,2022,28,20.583268701944316,10.090304041295502,23.82618950010908,15.987139801001076,17.933195526871238,4.659194999758354,2.704022114784653,436,355,7724,365443.76183090295,2740999.9081134093,10022884.82585239,5,19
PCCOE,2022,20,26.833343111176752,10.36671426933543,26.04603022598461,16.63804527621805,19.492617514996276,8.90919314278438,4.417010458850159,178,120,4203,419952.9197511063,1239314.3615741073,14827008.744643101,77,4
PICT,2022,223,21.94730662623632,10.51696837241527,24.600044502553708,12.2470117697268,13.60020874945447,3.61988908956269,2.309926871372047,421,371,10467,152469.9904672048,7662682.497962673,10308559.191601506,61,6
IIIT Hyderabad,2022,86,22.43831374868906,12.542245798974932,22.8259506995432,13.426534881209154,20.644899776525982,3.880190582646542,2.398143961457832,244,179,3969,634956.0230536353,1657305.0105259288,10743827.536926642,9,14
IIT Kanpur,2022,69,21.93958260241028,12.55306524728432,24.924485255567202,19.786312874005304,17.485935342795855,3.1226119360344358,2.732441871267123,123,91,2986,488256.6928886233,2509726.0667840205,10565511.113024542,57,15
IIT Roorkee,2022,19,22.497974880272558,15.771852367117482,20.228605008629557,11.59287445242805,22.09907845381082,5.2267808753268366,4.5993160025829365,305,241,7208,433508.13049333385,6169144.464759286,13420702.296917522,8,5
NIT Warangal,2022,224,25.47956643485054,18.078459419412585,26.434277021649237,17.978136488586344,18.71166629625866,8.724839513225152,2.360627166111825,273,192,5726,431719.4636742294,3662937.929629584,9130496.381469198,37,16
IIT Guwahati,2022,133,22.063744515282163,13.7325179162934,18.409044408947274,10.731959237684435,22.06897186762756,7.677489589885114,3.8584710380288434,255,171,4989,625739.2798329956,6930171.529608021,13885074.707369108,97,11
IIT Indore,2022,117,24.626464077771228,13.988227808969004,23.702585538409984,15.336025467268785,22.158101855868892,8.354182830794898,4.43895721614828,599,298,10906,389591.61472179997,2361908.262297107,4162310.9006608482,72,15
NIT Calicut,2022,141,22.816616513236564,12.848729019619228,19.609349473894298,18.030258978326636,20.78322553350509,5.179153894092026,3.8310013499327553,645,572,11873,561587.0077978302,4657367.283612828,3601894.504238159,78,6
IIIT Delhi,2022,72,22.544323589712285,11.84585129537033,19.42917433830465,17.934072581478375,13.704568930948193,9.424267424199641,3.2735822755890855,401,324,8284,592103.2316742039,2596558.4036425273,4756582.918806947,14,9
SRM IST,2022,108,18.7424938429639,17.69944700251679,23.34955586905076,12.556449978092722,16.0412100366959,8.123706473099443,4.553522782558312,230,180,5273,224851.98397847888,3967613.6903931135,3988789.410771315,53,2
College_25,2022,118,16.353572846791977,18.627970775432285,18.251097001361636,10.957145555201617,10.472771720926728,7.493800503102862,3.821282108266342,150,97,3100,643892.7601074436,1955078.267897132,11036879.20261872,71,9
College_26,2022,136,23.773964608663,14.45790914577229,25.867752770979273,10.158210917655824,16.82180048948441,8.730949399834628,3.8096582306401165,153,82,3125,189709.6844944933,1599607.7471750136,13624481.370633537,7,8
College_27,2022,2,23.67520382263358,13.669560792048006,20.15340712163556,16.17155783395647,18.84819872961339,8.823041792759955,4.008807848401886,457,338,9397,265414.594577006,4198010.5141625805,4474223.216647881,6,11
College_28,2022,140,22.607451506892513,13.62944271845992,29.932207360563858,14.463523511976422,16.671390989444006,7.063325047016722,2.2663021823233054,331,221,5374,198338.2248233598,4152596.553807296,11830123.275638198,21,15
College_29,2022,204,24.341722491632545,19.812363743443036,22.12329815259328,13.825262802440083,12.396580040352926,9.81915240039611,2.0600790677774734,187,123,4368,461792.84400137985,1623871.0248121163,11818515.466458503,37,15
College_30,2022,210,23.01770713031053,17.82028087670386,25.631170466144646,10.361603805247622,16.06256711890657,4.8417879893759,3.0804092224145574,131,68,2340,404862.12337584904,6777002.757630278,5636146.00012923,30,3
College_31,2022,163,28.005970192124252,15.156794276964977,28.79087959821626,14.969634829058302,29.84316029646625,8.959974704215671,2.6255315430720074,421,334,9629,302339.5695490204,1566434.9813587652,7238742.323947099,70,1
College_32,2022,25,28.471527776557426,13.460997265377856,29.63415301289872,16.40972077345332,26.449611272687218,3.927672709192939,4.586043446817868,302,141,6259,599130.8136463531,6805326.835988985,6127908.822397581,45,5
College_33,2022,31,19.53540944474509,16.663068858350396,16.82642866687912,14.782340230480724,20.122151096935017,4.627859508557661,2.2398961830779056,548,339,10734,202832.34213087198,5485784.202831443,4808496.372624795,6,18
College_34,2022,144,22.642134896983805,10.613496271106682,26.711423791026597,14.598004237693202,11.163275910109515,9.96406422018837,2.1733416829890997,415,255,7175,235332.3792749992,1522408.700359572,12175048.52967394,11,15
College_35,2022,199,26.322148760383552,10.622917981300628,22.641331922246845,19.96696853852977,26.279405390120377,7.306536067617076,2.918760862359835,241,191,5302,352399.2145425999,5578530.567603987,6605071.12578207,31,13
College_36,2022,237,27.32742901790443,17.33614380561402,26.539573404620096,10.110312644286472,18.32307996359523,6.369409061447265,2.05757683046917,478,353,9758,244847.42408733862,5332637.351054051,6205505.133849159,94,17
College_37,2022,157,27.275325304270368,19.758737549100537,27.023056678244842,19.595766443210334,19.757080878527248,3.7681533907425244,3.6438784669210786,646,537,9961,271738.9842024336,5561974.535376778,12538917.063821461,97,19
College_38,2022,247,28.288614392995573,14.594467684059866,26.775248157555854,18.920846889402345,29.106693730078565,8.508323703787067,2.946220687244038,361,158,8272,289683.8569673582,7512232.193864766,5289759.626410199,25,10
College_39,2022,152,25.523472198077098,16.593539222057828,28.426766110598045,16.366696821672072,22.278671695201236,3.46656428392483,3.5552240658356125,383,161,8230,192396.0080229016,6014263.716438776,2937096.367982754,28,2
College_40,2022,38,22.495424273021822,10.355708670355483,22.628689341713677,13.875952314827696,19.238938733419115,9.941118862091919,4.91224987301201,344,169,7330,237054.6676670422,1688769.547993781,10583935.356117396,12,9
VJTI,2023,2,22.526978483221747,10.826176634592686,22.719863798602674,18.989008240062354,25.64969849127876,4.5948969228017695,4.927972548796378,561,373,11832,170975.61171581814,7779421.443160686,12383284.49150947,16,7
IIT Bombay,2023,158,24.44346759635017,16.018815896363222,23.736339873108697,17.480731794295323,26.23539576180275,7.595350251320519,2.3842872390986,540,241,11127,337996.4449706557,4850643.583207092,7052486.38218801,26,19
IIT Delhi,2023,224,25.137078480864016,19.28317532848577,25.13973413379533,14.960478386798865,10.25429779973787,9.946907803426292,4.01436480468393,285,149,6875,527520.9643731392,4223776.48091898,12945981.1875708,11,11
IIT Madras,2023,165,23.580200772233507,11.774287694697069,23.175403783454072,19.84669739524508,28.747761329942378,3.3022161505790817,2.4944444471883114,436,384,6558,394197.0650324698,2054732.7539691415,6450987.268436104,26,10
NIT Trichy,2023,98,26.83014139144808,15.903476904587729,22.6254082037442,12.975484513188206,21.300439857180322,7.822197114350635,4.619968747582423,433,175,8279,273339.4322608115,6085232.005791034,14893529.367541725,68,9
NIT Surathkal,2023,121,23.992304220249547,12.040356346288988,23.326274239534293,17.330712960296747,22.31970900520358,4.316173142307913,3.0661537060572184,357,236,7132,574023.8955653859,6879747.861975278,12824846.101511562,82,13
BITS Pilani,2023,4,24.03160001809691,19.580734801193802,20.519111269531265,13.269316163380791,12.977761006648894,5.139229508431504,4.629952285484602,146,86,3013,356310.9204243119,5869327.025477648,2041837.4268556228,42,13
COEP,2023,49,23.394574720830065,11.813192799255052,20.81510392125591,14.023271246865558,27.485249412204755,6.570767987491776,4.170214296836859,390,293,6431,176401.98023426405,4406183.635706272,9791796.55361814,23,18
VIT,2023,57,25.198738696209062,16.36490651049154,17.234996042238652,16.95415648328053,24.91850417627349,9.873784333123016,2.629525984569228,424,261,7469,194300.2148398086,2544283.6689784788,9776928.822828604,51,10
Manipal Institute,2023,50,28.486728514073576,19.33113331343558,24.638477993027873,14.21248053294072,22.723547294164653,8.499561326561624,2.3550085727701617,149,115,3733,519993.1933428059,7652189.270514143,4638172.778473728,65,9
MIT-WPU,2023,39,24.22787736610638,11.652941109701745,25.503779391667813,15.85810145971902,21.72958184377414,7.883694392640526,4.788850768627053,623,499,9999,379093.4433689463,4380782.104597487,3735239.6414072695,8,6
KJ Somaiya,2023,163,24.7737232307023,14.964611523552998,21.55276053922769,17.295082286523968,25.310257979822197,4.112357173685475,3.830675448432924,341,293,6283,386030.2170984991,1093818.3850251592,5675693.964523906,34,6
SPIT,2023,70,22.695974054534933,12.756123386789454,26.80689903902406,19.74834652781112,17.424141877799965,6.00220815202727,4.534368308858064,511,220,7347,603218.7266722055,1974717.597823166,8921468.869577821,37,6
PCCOE,2023,87,24.440824923898244,18.998333456872725,15.327350951632342,16.63789686175589,29.267888684271007,6.921177284232893,4.810467386099275,149,118,3449,462212.72323586396,4461367.919065651,14734160.92496284,73,2
PICT,2023,86,24.275296397977293,11.980976327597402,23.47995381857415,14.639324866883362,29.44010659263074,7.259690908875266,3.048519116260456,128,84,2597,207384.43593460874,7020977.853446044,11396585.941710288,45,6
IIIT Hyderabad,2023,188,22.996100214167626,15.488386567200587,24.193502412929238,12.261470515899408,26.938374561771198,6.000413828793331,2.422878882565308,340,282,5137,380081.1322442198,6244985.988870435,5777638.277482616,44,5
IIT Kanpur,2023,191,28.424457731825736,13.559733737948527,29.670927269602927,17.93989716368006,19.945118606293764,5.378442300933195,4.61640710006743,478,401,7774,589790.9274757646,7094048.975322047,5104350.747960011,44,16
IIT Roorkee,2023,164,20.146043799503616,15.525136147827252,16.41227865188547,13.436631926091032,15.648617973730234,5.7350985592952926,4.395032564672984,475,212,8744,370536.07912539184,2369264.9113116055,4427402.84504954,12,8
NIT Warangal,2023,247,25.666048541235245,12.764416905833961,19.685236528282704,16.426746576724234,13.916816251738378,9.278705512964741,3.5605715697546634,232,134,4822,598593.1704823095,2181979.446743803,8591664.350250734,96,0
IIT Guwahati,2023,162,18.646732100528776,11.842248392380261,28.409845650118058,16.542925523249618,13.042085664445457,6.082263928578443,3.845894075209406,511,234,11973,519865.1660427704,3237667.8270838126,14849407.862356994,25,12
IIT Indore,2023,211,23.86271613135002,11.65954895295785,28.22891637456966,14.274896879206151,13.244668115649587,3.0882526398303134,3.679267050915148,661,506,9833,243705.97204879113,7007239.372100147,12647825.680201529,54,5
NIT Calicut,2023,180,27.054072525669117,17.59582410114632,29.82098349979161,19.012960107746487,23.033358374128518,5.198425564949124,2.76296594353495,479,317,11346,272169.97039323306,1790602.458878215,3133333.0818138053,37,2
IIIT Delhi,2023,167,26.439626082034337,19.053598742778703,26.095069510901453,11.912604179145866,22.27554837631398,6.048538180787116,3.7317491923058395,592,246,9950,519647.36758238653,1744406.0837904222,6093954.651968579,32,14
SRM IST,2023,142,21.115988330742095,11.671320114712213,24.82923614537487,19.917426171678386,11.453417432200325,3.539546083660225,3.0211402780000247,124,68,2441,256322.18818554806,1232325.4819369835,5951303.216129409,50,19
College_25,2023,113,21.397002963555895,19.03607844346795,18.491447206519332,18.073960303399513,11.181877801565065,9.291931717261733,3.952305642676242,456,379,8701,423324.11009389424,3662803.842792867,14698404.27063857,82,19
College_26,2023,244,21.519851374766038,10.420246751714053,26.098561811503956,19.180765521991507,15.600746591009788,9.008391737593847,2.8766546913856934,221,177,4946,159003.27780022725,7739672.499518181,11446722.896914203,23,14
College_27,2023,125,15.739743381373206,11.12580390411937,25.555289661911935,15.406984766449103,11.930689403908817,4.693256797811873,2.0372121088319446,228,174,3762,449404.14819174574,1451438.8987441726,13404112.943108607,6,8
College_28,2023,101,20.607150872541396,15.932215701073844,28.384537472094785,11.853301795287145,11.579383243816572,4.676571189366767,4.383734836100571,634,338,11885,544580.4232943658,5013445.419446526,10564725.911820916,52,19
College_29,2023,93,24.428353262254582,15.989785081772105,16.723994955893502,10.938572848233562,28.19253638873185,7.684401840566549,4.487860397950266,437,192,9468,605338.2897175698,4251032.653578799,3787809.0726212002,23,19
College_30,2023,1,28.68045244724813,11.7058191155709,29.221624802571633,14.452461122847883,25.77604527810719,7.477238928243773,4.029279087015176,152,97,2771,476112.1297727362,7653717.368103425,9808463.865128627,59,8
College_31,2023,141,18.062027707642216,12.68958945826471,21.104578644513957,18.914800156235067,10.058420652427241,3.278361754919987,3.8122150312136576,507,322,9616,461259.8478648726,4288206.340934786,7817085.8371919505,88,16
College_32,2023,49,27.436000122870457,15.370074883513585,27.812039964757567,10.494968534936666,26.66634142946025,8.907472288282069,2.8547240645928826,124,63,2340,348398.4235431582,1310714.405195981,5611686.946162548,92,4
College_33,2023,220,21.787070775089266,16.170665161178015,16.70757590214902,13.45223142801692,20.148238774356177,9.11955767279623,3.4806397410203562,551,470,10210,507016.3222334282,5255336.498634927,6021845.332216167,49,6
College_34,2023,156,16.478458524139395,18.211982825502265,15.023476577872094,16.364013701834068,11.022707628842014,4.803250542336053,2.1785741010433153,330,174,7806,482646.05098902766,6602484.153163846,10614638.669771621,23,14
College_35,2023,84,27.141830703204345,15.495836567221435,28.504819021114074,14.042397296442092,16.421621941741,8.248955351055264,3.2380259782501897,187,75,3842,468048.0232047711,7393008.6330336565,9963455.08848265,32,2
College_36,2023,127,31.105628974577144,16.37877092663634,26.114718754118677,15.299915229264187,26.580354650909822,9.938842587135433,4.460037887358068,322,176,6008,393000.24689880153,5040399.207141856,2568607.9400163153,89,16
College_37,2023,41,24.369214074921615,13.431673531726583,25.93760231324172,16.522916485919396,26.912087259798135,7.847449786684577,3.289793232170444,256,177,6020,263139.5541071159,3689677.340961669,7851603.69536512,48,14
College_38,2023,47,23.86539836468597,14.309852205132962,19.783002274817083,15.821987465941138,17.423448468752554,7.207519167601631,4.116757587931474,303,198,6000,232814.1735141327,5520183.570669286,2582119.856560687,69,0
College_39,2023,113,17.02627198987946,11.544597472233239,15.381716398586263,16.45822386286484,22.738046349094866,5.384229166069042,2.215135666542953,164,109,3829,570861.6808723381,5061550.631495206,9275949.782893218,35,3
College_40,2023,229,21.262170564432445,11.405529675783608,22.28384549489097,10.275367198694655,20.109102358209,9.748121849823917,3.152620138957401,697,601,11370,357075.1121641134,3768039.8759504003,6071681.393912262,19,9
VJTI,2024,49,21.257112026490596,18.354802363823275,20.555954794129597,13.748035677817963,19.480128569663115,6.108893992160262,4.984573919177965,250,148,6154,342755.9523684612,3382709.72978154,9038298.895518608,41,8
IIT Bombay,2024,129,23.12792451500861,15.32257531148976,17.525054338786955,12.469074266675856,26.770984298056565,5.493299529823159,4.480444921389257,610,398,9730,488693.6607593585,2645260.503626776,12798950.636760999,72,18
IIT Delhi,2024,11,24.30747638683342,15.80467600993696,17.087950520185434,14.44043749202203,22.524686428421276,6.42228482254716,3.2053364019629726,466,356,8905,223992.07368291737,6967904.473310876,11241501.31687015,23,1
IIT Madras,2024,236,26.812434283031557,13.534607405467824,21.87699636853887,10.379815632898534,24.91720077254024,6.845257355822218,2.173223155607521,188,157,3207,622021.046912699,2041571.7858358093,8014782.865850115,52,11
NIT Trichy,2024,4,27.376028941653463,17.546212215985918,22.378966501585936,13.0244747828938,19.828363550571133,6.657109017838251,3.6881350970670175,267,203,4808,597226.2784121161,4191854.9303195584,7764925.872964753,51,14
NIT Surathkal,2024,114,17.979055200604584,18.06589342326277,22.14725075667439,19.96122949639441,11.189431377345615,3.0221749400649123,3.9205949346788715,356,197,5935,278023.78255247715,1215530.347623135,14629929.55107765,65,15
BITS Pilani,2024,232,26.27980199174991,14.768434683178171,25.315830636458408,17.227069576982284,23.85064863074216,3.941045905856853,2.8981867651150437,259,172,5735,546697.0071526738,7933822.229390934,4608463.226248896,30,16
COEP,2024,23,22.391382007243227,12.946193963461932,15.214729165005899,17.3786951856153,26.682891940013516,8.183332923674634,2.428550861902516,491,398,11959,554591.5855695156,7190969.92851384,11100445.546037357,67,7
VIT,2024,124,18.940949944187,14.87627809667211,16.164740020074078,14.075430310324307,18.142129782512555,3.462068908981691,3.046461601908438,526,236,7409,584472.1261395726,5772240.508631129,3468111.354918147,38,9
Manipal Institute,2024,145,18.77635883434091,17.07086477266698,15.753390171959607,10.729018353679034,18.05746565265274,5.067033458335603,2.6971529691681435,287,136,4951,283084.0062577687,1154188.448566719,9582347.401929501,43,0
MIT-WPU,2024,244,25.034156036286735,16.40476042175844,29.68471672762213,16.034930960433787,17.15628168227098,7.534722121933699,2.3687620353961627,398,322,7565,427328.6740175478,5459635.859566335,8841619.984396635,54,13
KJ Somaiya,2024,79,23.222333270053632,13.031940594610461,19.349551784154137,15.632889309538147,12.399073860477799,9.417541834916346,4.161965435849339,576,312,11227,216914.18149984657,5406903.878242156,2706316.4526977497,80,16
SPIT,2024,155,21.461657690721495,11.027482524524233,17.835592870912976,17.83016637316733,24.300774377013674,7.154400340831543,4.687180177778519,265,204,4437,308135.07486465335,1713246.7164620948,6683040.944405562,23,8
PCCOE,2024,175,32.07200704277808,18.66547981749087,23.577137454107305,19.07199821560622,28.85967633632085,5.956691655290141,3.131940984218971,377,172,8091,171145.8746113406,4952403.356980842,14092222.550699517,93,9
PICT,2024,47,25.68022293192828,11.669530887471987,25.695690759514783,16.663854135782064,29.320950102573544,8.327264531755482,4.852318123194014,434,390,9122,202404.03249878605,4489995.596539964,7006561.5587325,45,2
IIIT Hyderabad,2024,100,23.52645063551932,11.10977524585148,24.516362179298753,17.707806182638798,10.057625033312291,9.012696797944407,2.5580690000169968,570,433,10588,335580.8073928709,7088342.236771976,11496452.692464273,90,0
IIT Kanpur,2024,118,24.196548073134522,16.778132003100442,24.116281833790836,12.953014775718328,12.732018073023452,7.5614783233409355,4.215792374396992,242,153,5220,439587.62768736103,1597389.355390274,2559090.3742702133,17,16
IIT Roorkee,2024,182,20.86832058836326,17.820153349329672,23.157085917993562,10.998668211361782,23.760888876720276,4.693222184879022,4.73320610830215,410,189,5841,356821.3374593176,4450052.091132127,7255766.714313298,21,11
NIT Warangal,2024,135,18.085926111839882,12.666751966619776,25.872847489725256,18.776470196507816,10.833136367653648,5.783533057144252,4.286927096065816,202,138,4745,188192.472495728,3678062.2649944476,6780537.460466428,41,5
IIT Guwahati,2024,225,20.50487051393786,10.17552363366629,19.39962916170847,17.731418739186715,20.35921055425158,5.436669152178016,3.115217884718991,157,113,2719,637097.2219081785,6929425.788887296,2306734.5403918787,79,7
IIT Indore,2024,178,21.53808319577153,16.0614656493348,19.367163716777686,12.070949181765712,13.046555713253575,9.296186487822713,4.130406295394197,237,150,5276,178922.2247235803,7704528.606917427,14255416.148223458,9,19
NIT Calicut,2024,95,24.5676619581327,16.445911747423438,23.41940314422604,17.769280103272255,14.099624190536328,8.07939040192091,3.8592037142992677,86,47,2025,288118.66248757654,7871573.2669671355,8854447.351898335,72,14
IIIT Delhi,2024,166,24.413017686262595,16.74130295536063,18.898574688642494,13.451922084942105,28.349716862639806,5.0335315396999425,3.40996480447381,246,212,5313,398656.2230844862,2611756.4449736024,2579329.704832829,37,17
SRM IST,2024,172,22.580691771361494,15.296597239456199,18.628399411693337,15.006035711547074,23.592406654702156,3.533674525814951,2.824111445143676,207,139,4645,240153.9677113891,4210185.60459688,9291368.023714028,10,7
College_25,2024,19,25.348416459959093,18.976746726779567,25.115234685352036,11.369990630536714,29.89962738650186,6.690628625277388,3.175574889227237,459,346,11467,640571.865895911,4986778.456969726,5374043.181289175,93,17
College_26,2024,239,19.207732658326773,11.760954713305946,18.209355580323553,10.130295677570837,10.283800987915344,8.805741388709588,4.1963678205288675,134,88,3296,638653.9539957519,6301171.449941073,4101728.6710805045,12,3
College_27,2024,176,29.16746540715034,12.32039828901106,21.87351975589251,17.81348840614406,29.20335569457491,8.345053482066007,4.56562095505511,313,270,5619,264338.3898018044,5440545.82210181,4886986.319013167,70,7
College_28,2024,67,21.787999456886627,10.953992773132107,21.430530314796506,10.291697636452644,19.61780293206018,7.637038081907477,2.3555078707944546,601,537,9432,627423.496519234,4462726.327138983,8665363.221564166,75,16
College_29,2024,59,26.293611626811238,13.9245818622948,26.31397460020534,19.184264321454087,29.018571890050968,7.039858102268245,3.0713634779015084,150,109,2692,270199.45644675347,2341150.6201437805,13937108.12678068,91,9
College_30,2024,188,20.2094369787852,12.20852782963009,15.583949449885012,10.360188182914264,13.504435442116547,9.067392481542,2.8474362319310798,254,192,4780,431662.32101652335,3992512.819296782,6242399.602115834,23,12
College_31,2024,122,26.26121994522474,14.301028765298,28.556363576627135,18.458495504599675,18.018835249460935,8.341758545209158,4.469482492126578,252,124,5180,315782.3495335969,6985211.411339546,4691985.519741118,95,3
College_32,2024,69,28.637473740846584,19.40784520503108,22.60380656942752,14.094120718170183,26.217571620158367,8.850781495373612,2.996573099346814,313,254,5607,407829.70292822673,4243055.572909578,2590242.6590930033,27,12
College_33,2024,164,20.25820591715036,13.918239632835,23.200507808351524,15.320216789842519,21.808621796453867,3.4293166895029783,3.086528764396185,297,153,5156,150736.9110431557,6105413.558615974,14568991.49739071,42,18
College_34,2024,241,24.635673804903327,17.418963269587152,27.72638068635787,14.226291970136092,16.058618112808585,5.277065938161218,4.137863999295538,143,81,2205,649771.9593595471,3840258.180305427,4866349.6509583825,26,7
College_35,2024,36,20.81614492430754,13.806896811608658,21.21704573309015,17.538297005692186,10.41342737783809,4.883137527588174,3.552788903946566,234,128,4832,507212.08203562116,6313036.977653516,3332707.532864168,69,18
College_36,2024,141,17.240047253936975,19.724199990401033,21.73220468619909,11.590250037402614,13.603915082562958,3.6876449453235636,4.410554325304803,517,395,11198,580845.4518936726,2918501.125395337,12491921.750267139,97,8
College_37,2024,163,24.59658021470893,12.133933479756895,24.977192913576083,11.573262800018282,12.37748782354144,8.353033990333955,4.0131658515797435,471,307,9106,343618.635589048,7346005.47470514,2208804.24475308,47,19
College_38,2024,232,18.526023341830367,10.114179834540737,25.555496694435764,19.70257109726057,18.75322656296407,4.64481383497167,4.114613030130145,272,181,5922,420367.2835665521,4007171.6050324524,6014847.512095431,84,5
College_39,2024,16,21.325357006157056,11.7925561190779,27.00005222645522,15.527070757185452,17.931073639799266,3.922005200053655,4.595887276726737,497,365,11729,548340.6985956861,2753275.291547493,10123363.294890985,71,17
College_40,2024,62,18.80815716876943,19.819056980765392,24.41990073906147,12.475100731404119,13.256300993537275,4.3084010842592315,2.0593869750417633,102,57,2139,516349.5252951402,3831691.699017088,2888591.604029462,63,0
VJTI,2025,57,17.000381602589673,10.839195358214294,20.001938903940157,16.77540945503534,11.442221858588704,4.437809859346205,3.1443231242399343,449,348,8358,200686.4487765796,2944969.4326279857,5592148.4100560965,78,8
IIT Bombay,2025,98,21.69984924958722,10.114806597493779,21.751747897122165,19.771042330515733,12.062427248161516,6.834492860683236,4.936872521123313,247,170,3988,252220.28697477342,4637929.8402613895,2962548.832860524,7,9
IIT Delhi,2025,207,24.05632659896833,14.8303969755889,19.02800634101411,12.874616648972502,23.13512126949114,9.779761321899246,3.810911601678125,203,144,4195,474252.4100593441,2871814.195002789,2196438.8947881754,71,5
IIT Madras,2025,48,24.036966838829564,15.636599710287623,21.760297124083696,16.720560387522532,21.67113934649637,6.680293536913944,2.748573100514746,182,158,4305,202952.90220187884,2083800.2881840388,14281571.364180036,26,18
NIT Trichy,2025,176,22.56434348596617,10.066821292238878,26.584515227480143,16.252047695304423,17.471096020953638,3.3534226108868554,3.882459715352838,490,430,9304,349517.65882121737,6878611.246650987,4451027.874740265,36,5
NIT Surathkal,2025,178,23.484400233314712,16.649945162377737,22.470605895853033,17.428249749063163,16.540892883036356,9.230399178256768,2.2529039438340512,289,178,5676,648131.1432624384,2604203.6584991347,9109387.556388581,45,9
BITS Pilani,2025,16,22.13309878309014,17.140527233781267,16.370872294976646,11.992703364668008,27.54940093308964,8.171062055085965,2.0412366620340356,415,355,6164,327430.4153730739,3973400.7129753707,4799476.957973184,37,10
COEP,2025,134,26.8903328018612,10.811491785362392,29.27236065265181,18.384918338430246,26.101806369913255,8.760886635292373,4.7981315243982845,203,106,3993,643829.796170626,3040470.18646606,12019652.901772171,85,8
VIT,2025,92,26.122698185335313,17.99718763964861,20.004101835435648,18.65193347397811,28.30514369835646,9.018766847738931,2.105023744420417,337,253,5641,363800.6668516686,4097818.603703219,10441190.219499461,41,14
Manipal Institute,2025,242,25.812696576735988,14.193896116669716,22.50120177407374,17.850977140957077,21.97690800158878,4.407691092098672,3.770697977452678,706,455,10326,613555.3144292136,1737752.5267546368,11937729.464981556,82,5
MIT-WPU,2025,88,27.211207963914124,14.087772612291321,28.86040305638599,11.118806165491238,20.32848776437222,8.50565667673593,4.82759392256035,122,49,2802,612280.5276884024,4103145.566620228,9193942.442254718,29,19
KJ Somaiya,2025,118,27.486294750256906,17.892928483196854,19.616937475211184,19.13788443873259,29.05630034005012,5.287197794210286,3.063274846379165,293,163,4854,601779.2217162652,1543485.431921469,12775326.591288462,43,8
SPIT,2025,229,23.35756363304761,17.944856336484907,28.26564820534457,13.44781420072647,19.23686962550221,5.901612453717545,2.0397531005117315,214,126,4700,394688.2244853351,4007260.1449265433,11628139.935626816,89,1
PCCOE,2025,206,14.74982961283554,17.32401049058379,22.724000248698893,11.613628010553837,11.671086750213796,3.133902765061009,2.497244530895662,383,176,9081,467319.6282436903,5075006.653044589,3539395.5092871147,32,10
PICT,2025,243,20.6394685759846,11.669310708175015,18.655942237865126,12.676007988617075,16.713476660781193,8.245733169608112,3.7157366115518022,286,191,5360,498214.90351805364,5915022.673272806,4232020.800170844,54,1
IIIT Hyderabad,2025,103,26.326877934876983,15.466852550992888,23.631140809292226,10.221414754726295,28.902283775120175,7.87639089852173,3.487111250695673,410,305,6390,253126.0569180763,3743015.6123161823,13643772.109044123,11,16
IIT Kanpur,2025,243,21.612750688440318,14.19271661166022,15.271860615685945,17.927581135728126,11.380918126291995,6.319785146838675,3.68203488481685,805,613,11359,417828.29967378936,6852823.922450742,12678048.717709025,84,8
IIT Roorkee,2025,22,24.49601289810328,11.273864160003393,19.282631701777674,15.315773967749932,20.21123590818676,8.744191303736105,3.213705969212052,494,298,6994,473887.11647517106,1108558.3143861452,5651465.547421169,70,7
NIT Warangal,2025,64,26.316170182777515,14.792600899145375,17.725849398422348,17.4308153963138,26.95855767526697,6.819096278684034,4.945122027563425,542,487,10181,429529.6424733011,3248135.068451674,4861447.236761791,58,13
IIT Guwahati,2025,48,15.608747499338394,16.084089358800178,25.599513952013947,13.744803999680169,17.389638680627606,3.3172349527262623,3.0498348185889195,584,297,8239,480842.14419992827,4387925.57725823,2069075.1836884974,65,14
IIT Indore,2025,144,24.106724888223734,10.664633257762722,26.49772574298877,15.837135877313639,25.639199543159183,8.262228946770882,4.409006215873511,351,270,7330,234940.50302536765,2364826.3993020244,13575323.72385127,33,16
NIT Calicut,2025,237,27.15721907857338,17.587153211639208,23.957329589854528,16.541327370278736,27.782558478800198,7.051647281583584,3.897173972985162,522,317,9081,506388.8381084155,3703483.9497192143,9650564.157066854,61,7
IIIT Delhi,2025,195,19.711172450181135,12.149126370363959,21.372762643021304,19.07838513883534,20.141192934774367,4.315442665707261,2.230915008142622,150,131,2857,365543.43131164473,4845398.514319303,8932268.190628333,71,5
SRM IST,2025,101,23.684290153979916,16.363742815333744,19.86767700263013,12.695118622922728,13.818531701432871,7.862486712256095,2.6561468389937817,213,91,4915,538395.2417036137,6751535.530732399,7999798.058651888,74,19
College_25,2025,146,22.249735345097925,17.478385744120718,17.25912154827411,12.172308864530109,19.2798026292885,4.848030449716261,3.245722917002121,328,278,5759,594059.0944670179,3277034.328532234,13712491.643976083,81,5
College_26,2025,144,19.91021717433553,18.44871347755229,18.73513104163635,15.767023988577563,11.345118279347357,3.664425557751688,4.996677836099872,432,345,10490,487129.42100324953,1040030.0695255251,8055734.791900622,99,14
College_27,2025,235,22.63133874760401,14.11191517994586,16.951210047434206,10.22425889162055,17.208536542829723,8.486167757526655,3.6985420736752124,342,139,4850,608301.6508212056,5943109.514833379,6016427.870885985,59,14
College_28,2025,110,19.88222887629468,10.053461608543644,29.07620615787216,14.148151193889472,18.046699104746654,5.734155253072475,2.2079849911632943,343,213,7660,503698.50001646386,3724613.3018425195,4975381.012285487,87,10
College_29,2025,21,22.961717373461596,13.714859436594342,24.277905880772785,16.33072653499513,19.385704546515807,6.101415536312947,3.482443011913648,479,204,9845,377382.17127633054,5723504.115171874,10807910.980487902,86,10
College_30,2025,142,25.23481699887134,16.316435150828916,15.815861227834668,16.442567236508115,29.48495308289512,3.4886045823024023,3.664063129340259,436,213,8982,502569.5727852817,4186203.9421355943,10680887.69084099,97,13
College_31,2025,200,21.060157157076773,10.606049077149098,25.280930151690086,10.249662221200571,13.428683534210855,6.175052999459838,3.3646173284086047,481,289,9323,226845.52142210226,5008250.630174156,5601162.816237724,40,10
College_32,2025,155,20.433345906837122,10.949084412673463,23.91124170854569,17.02640205858229,11.330552164217105,4.615562577485722,4.74701669678495,185,155,4387,479522.7050661162,2478622.820310517,13218958.807665337,60,15
College_33,2025,17,25.442926325320567,17.374260857706773,19.297793233906845,18.0264031235293,29.944757998072053,3.2101820373057497,4.692097597372795,387,304,9431,213968.4622558916,3432549.5769762667,7660117.400284562,16,16
College_34,2025,126,22.597619350157007,18.525474212459706,29.06947847150841,10.851034861197853,17.711951850266665,3.497244223308015,2.632379304650086,571,305,10954,200489.05340888057,2172437.623658754,3914582.3261771826,7,4
College_35,2025,127,15.793371533213657,11.660218236428609,16.716472779185377,10.087061470625436,13.111428737386046,4.450910853473673,3.8917428247492767,447,192,9587,255253.4698326715,6663165.482041734,3909985.0065890197,68,5
College_36,2025,65,27.177386273686906,19.867291015008487,19.07048945308516,10.985829270224123,26.58628468251519,7.946728735743899,3.8516564176337025,603,416,9357,402754.38019493193,2008551.502092397,10111980.31187677,64,16
College_37,2025,40,20.846286427579937,14.59584057213623,19.596952020642306,18.223812111853544,11.139574539947365,5.930250924428309,3.375294272394314,313,260,7067,306937.74836123525,4766158.9375473205,12921405.019709598,85,8
College_38,2025,141,26.0909912413641,13.714672626243768,17.927497758279756,14.893925374065887,24.832829036720845,6.447983495273084,3.4495425899410055,152,69,3234,549858.9568093598,1862628.030014274,11080898.127718782,63,7
College_39,2025,246,27.863416808274543,18.898837264734865,27.267844584825443,15.101483804563234,24.724796202676664,6.590279388631666,4.608818247424333,216,100,3695,577351.7250465987,2157116.0029657288,13105390.256965365,7,12
College_40,2025,190,26.176147766688818,18.257109515606672,19.285613514913354,19.271237818644494,29.398530506903818,6.998823289559681,2.429003367997179,680,591,11421,596992.6025234803,3362362.2797242873,11483029.007811628,97,4
